dataset,feature_set,model,acquisition,early_gain_pp,sd_trial_gain_pp,n_trials,n_checkpoint_values,max_checkpoint_values
Formation,set1_dQn_m,AE_ENet,coverage,-0.4355550200175526,0.7453527183227505,10,6,6
Formation,set1_dQn_m,AE_ENet,diversity_iterative,0.59426811296802,2.0293174636046056,10,6,6
Formation,set1_dQn_m,AE_ENet,diversity_oneshot,-0.14071713187653961,1.2461039228905075,10,6,6
Formation,set1_dQn_m,AE_ENet,exploitation,-0.7133456246314813,1.8422341313822832,10,6,6
Formation,set1_dQn_m,AE_ENet,exploration,-0.6678948251117975,1.1440782428108658,10,6,6
Formation,set1_dQn_m,AE_ENet,hybrid,-0.6573097330989472,1.0273752741520552,10,6,6
Formation,set1_dQn_m,GPR,coverage,0.5344525163297362,1.1750291228316267,10,6,6
Formation,set1_dQn_m,GPR,diversity_iterative,1.1141890960046887,1.434395451947443,10,6,6
Formation,set1_dQn_m,GPR,diversity_oneshot,0.746614298508802,0.9458447824558649,10,6,6
Formation,set1_dQn_m,GPR,exploitation,-0.19559596281214287,0.9054739704810508,10,6,6
Formation,set1_dQn_m,GPR,exploration,0.9739807415399234,1.4351511590117965,10,6,6
Formation,set1_dQn_m,GPR,hybrid,0.15840923454800265,0.8894392503170173,10,6,6
Formation,set1_dQn_m,RF,coverage,0.26879580616824345,1.0559439582414378,10,6,6
Formation,set1_dQn_m,RF,diversity_iterative,0.6236487850296554,1.2629976898077766,10,6,6
Formation,set1_dQn_m,RF,diversity_oneshot,0.32488255192958604,0.7579423448763563,10,6,6
Formation,set1_dQn_m,RF,exploitation,-0.0396646858400332,2.2448175741424055,10,6,6
Formation,set1_dQn_m,RF,exploration,-0.28091360812135785,1.3707623752772249,10,6,6
Formation,set1_dQn_m,RF,hybrid,0.34553413576574354,1.1854739620832357,10,6,6
Formation,set2_early_soh,AE_ENet,coverage,-0.4244275772872603,2.6142171830138436,10,6,6
Formation,set2_early_soh,AE_ENet,diversity_iterative,-2.052843703500457,2.3157612992965886,10,6,6
Formation,set2_early_soh,AE_ENet,diversity_oneshot,-0.6890284089822784,1.7446754300070055,10,6,6
Formation,set2_early_soh,AE_ENet,exploitation,-0.32424598644125313,1.7373524166547805,10,6,6
Formation,set2_early_soh,AE_ENet,exploration,1.3605470267705768,1.5399481362761416,10,6,6
Formation,set2_early_soh,AE_ENet,hybrid,0.4373527518979107,1.5960104912759083,10,6,6
Formation,set2_early_soh,GPR,coverage,0.24362146126306658,1.7507493929512208,10,6,6
Formation,set2_early_soh,GPR,diversity_iterative,-0.3106683596752971,1.8011300779752715,10,6,6
Formation,set2_early_soh,GPR,diversity_oneshot,0.29232764264326805,1.2061020988976432,10,6,6
Formation,set2_early_soh,GPR,exploitation,-0.4184489025261925,1.841913856399439,10,6,6
Formation,set2_early_soh,GPR,exploration,1.4928784402306472,2.774607535767821,10,6,6
Formation,set2_early_soh,GPR,hybrid,0.929888530190348,1.499289011960008,10,6,6
Formation,set2_early_soh,RF,coverage,0.34189794692662245,1.7354845750126642,10,6,6
Formation,set2_early_soh,RF,diversity_iterative,-0.2935503710127728,1.7800432793854242,10,6,6
Formation,set2_early_soh,RF,diversity_oneshot,0.432599160287314,1.9074955416105879,10,6,6
Formation,set2_early_soh,RF,exploitation,0.9757561346132458,2.9415615939309676,10,6,6
Formation,set2_early_soh,RF,exploration,0.0046183021369821,1.4775904969139972,10,6,6
Formation,set2_early_soh,RF,hybrid,0.28712442665583504,1.814026641986054,10,6,6
Formation,set3_features,AE_ENet,coverage,-0.38986033684911814,0.9915316539448134,10,6,6
Formation,set3_features,AE_ENet,diversity_iterative,-0.356837559907287,2.0893286552811285,10,6,6
Formation,set3_features,AE_ENet,diversity_oneshot,0.13790098939161094,1.2283315207645191,10,6,6
Formation,set3_features,AE_ENet,exploitation,-0.06345038104595814,1.1571861805794503,10,6,6
Formation,set3_features,AE_ENet,exploration,-0.43642179903111006,1.0538134991295944,10,6,6
Formation,set3_features,AE_ENet,hybrid,0.11544299068856738,0.9778422083685736,10,6,6
Formation,set3_features,GPR,coverage,-0.3732394504746413,1.20844147672328,10,6,6
Formation,set3_features,GPR,diversity_iterative,0.10341382002593943,1.9854987257122159,10,6,6
Formation,set3_features,GPR,diversity_oneshot,0.42369338814705626,1.0928152993043942,10,6,6
Formation,set3_features,GPR,exploitation,-0.3458567471952997,1.7119770057979842,10,6,6
Formation,set3_features,GPR,exploration,-0.5728040398063253,1.4546127904413026,10,6,6
Formation,set3_features,GPR,hybrid,-0.2774175751233583,1.5455605646453041,10,6,6
Formation,set3_features,RF,coverage,-1.2070415617592247,2.3939466264714686,10,6,6
Formation,set3_features,RF,diversity_iterative,-0.7004329047205798,2.0661229240695422,10,6,6
Formation,set3_features,RF,diversity_oneshot,-0.773150821410861,2.5050464492244098,10,6,6
Formation,set3_features,RF,exploitation,0.2487987166883811,2.362768189158064,10,6,6
Formation,set3_features,RF,exploration,0.3463971388231142,1.845339980137583,10,6,6
Formation,set3_features,RF,hybrid,0.12488795219815745,2.3889665241209492,10,6,6
Formation,set4_features_metadata,AE_ENet,coverage,-0.17608254351092145,1.7051780506339183,10,6,6
Formation,set4_features_metadata,AE_ENet,diversity_iterative,-0.31541880296651936,2.2356041314466824,10,6,6
Formation,set4_features_metadata,AE_ENet,diversity_oneshot,0.3369352918268239,1.4857543388365064,10,6,6
Formation,set4_features_metadata,AE_ENet,exploitation,-0.7681907753121143,1.8487913951789143,10,6,6
Formation,set4_features_metadata,AE_ENet,exploration,-0.011875142047379317,1.642095292569033,10,6,6
Formation,set4_features_metadata,AE_ENet,hybrid,0.22249658377908896,1.2069808242456133,10,6,6
Formation,set4_features_metadata,GPR,coverage,-0.482090667589884,1.422600036697234,10,6,6
Formation,set4_features_metadata,GPR,diversity_iterative,-0.08772818558259217,1.4760511320105676,10,6,6
Formation,set4_features_metadata,GPR,diversity_oneshot,0.26188648252522445,1.557270564436457,10,6,6
Formation,set4_features_metadata,GPR,exploitation,-0.6268835734020126,1.1399716810985088,10,6,6
Formation,set4_features_metadata,GPR,exploration,-0.7971035763484642,1.5113935669976097,10,6,6
Formation,set4_features_metadata,GPR,hybrid,-0.7199258093272415,1.6040314935165285,10,6,6
Formation,set4_features_metadata,RF,coverage,-1.2977271022460057,1.873129902487313,10,6,6
Formation,set4_features_metadata,RF,diversity_iterative,-0.1698230754398123,2.0247109642885963,10,6,6
Formation,set4_features_metadata,RF,diversity_oneshot,-0.686244937749503,2.55676616810711,10,6,6
Formation,set4_features_metadata,RF,exploitation,-0.2530216227512098,2.204104265877989,10,6,6
Formation,set4_features_metadata,RF,exploration,0.5982780233279009,2.0293321504700894,10,6,6
Formation,set4_features_metadata,RF,hybrid,0.2400339026403558,1.6657080883680664,10,6,6
Formation,set5_features_metadata_corr95,AE_ENet,coverage,-0.20409925517315025,1.61145522191583,10,6,6
Formation,set5_features_metadata_corr95,AE_ENet,diversity_iterative,-1.0091894948462867,2.1042915775682838,10,6,6
Formation,set5_features_metadata_corr95,AE_ENet,diversity_oneshot,0.6151078032566168,1.306771820402328,10,6,6
Formation,set5_features_metadata_corr95,AE_ENet,exploitation,-0.40766477297364734,1.7386978905749362,10,6,6
Formation,set5_features_metadata_corr95,AE_ENet,exploration,-0.6180947577143501,1.4582557716088034,10,6,6
Formation,set5_features_metadata_corr95,AE_ENet,hybrid,0.13642523031132675,1.53970269146037,10,6,6
Formation,set5_features_metadata_corr95,GPR,coverage,-0.41858524707968014,1.105286004430049,10,6,6
Formation,set5_features_metadata_corr95,GPR,diversity_iterative,-0.3629061292874708,1.5477747817031065,10,6,6
Formation,set5_features_metadata_corr95,GPR,diversity_oneshot,0.5332084213904615,1.1005988564432965,10,6,6
Formation,set5_features_metadata_corr95,GPR,exploitation,-0.43216002833389666,1.3233192867907067,10,6,6
Formation,set5_features_metadata_corr95,GPR,exploration,-0.543291374393108,1.566447029772479,10,6,6
Formation,set5_features_metadata_corr95,GPR,hybrid,-0.7427643892602582,1.885641704061284,10,6,6
Formation,set5_features_metadata_corr95,RF,coverage,-1.449757667706003,1.77929365036473,10,6,6
Formation,set5_features_metadata_corr95,RF,diversity_iterative,-0.6352289139055053,2.168466822314493,10,6,6
Formation,set5_features_metadata_corr95,RF,diversity_oneshot,-0.26616496917894644,2.3776234443968627,10,6,6
Formation,set5_features_metadata_corr95,RF,exploitation,0.08364609458086217,1.8970039671250194,10,6,6
Formation,set5_features_metadata_corr95,RF,exploration,0.7109507280040097,2.1547523436509723,10,6,6
Formation,set5_features_metadata_corr95,RF,hybrid,0.6783358669851789,1.8393574314267074,10,6,6
HUST,set1_dQn_m,AE_ENet,coverage,-0.5513881570209891,3.0634353462949138,10,5,5
HUST,set1_dQn_m,AE_ENet,diversity_iterative,-2.1800843063386237,3.7308842604054644,10,5,5
HUST,set1_dQn_m,AE_ENet,diversity_oneshot,0.6960896538093048,1.830675588399674,10,5,5
HUST,set1_dQn_m,AE_ENet,exploitation,-2.593722941890905,3.2889587278078185,10,5,5
HUST,set1_dQn_m,AE_ENet,exploration,-0.006369901346282148,2.0312557958734057,10,5,5
HUST,set1_dQn_m,AE_ENet,hybrid,0.019326072385218263,1.855131297185016,10,5,5
HUST,set1_dQn_m,GPR,coverage,0.5468005000364314,2.4723141680294214,10,5,5
HUST,set1_dQn_m,GPR,diversity_iterative,-1.5226683438533206,3.738419610296922,10,5,5
HUST,set1_dQn_m,GPR,diversity_oneshot,1.7463235183650099,2.109184105644627,10,5,5
HUST,set1_dQn_m,GPR,exploitation,0.16444564088311106,1.6233879364536776,10,5,5
HUST,set1_dQn_m,GPR,exploration,0.8857091665602799,2.4318034584340382,10,5,5
HUST,set1_dQn_m,GPR,hybrid,0.3368524489473039,3.6767407979282742,10,5,5
HUST,set1_dQn_m,RF,coverage,-0.9631171604711696,2.8427702929127556,10,5,5
HUST,set1_dQn_m,RF,diversity_iterative,-3.2694357617123986,3.582260496484269,10,5,5
HUST,set1_dQn_m,RF,diversity_oneshot,-0.40984348031735995,2.3635776475914696,10,5,5
HUST,set1_dQn_m,RF,exploitation,-1.269487091379367,1.8322370237687338,10,5,5
HUST,set1_dQn_m,RF,exploration,-1.886058564472077,3.8641277152615934,10,5,5
HUST,set1_dQn_m,RF,hybrid,-0.9553954987088715,3.1082875233089924,10,5,5
HUST,set2_early_soh,AE_ENet,coverage,-0.39476610956752733,1.7244524447824432,10,5,5
HUST,set2_early_soh,AE_ENet,diversity_iterative,2.194153817590621,5.797274771252187,10,5,5
HUST,set2_early_soh,AE_ENet,diversity_oneshot,0.3364799858719283,3.892539372555257,10,5,5
HUST,set2_early_soh,AE_ENet,exploitation,-4.243953269003428,5.360095568820815,10,5,5
HUST,set2_early_soh,AE_ENet,exploration,-0.6551560013704295,1.6051308695998812,10,5,5
HUST,set2_early_soh,AE_ENet,hybrid,-0.1794263585360473,1.5929675122177391,10,5,5
HUST,set2_early_soh,GPR,coverage,-1.1413818575139874,3.173729473399188,10,5,5
HUST,set2_early_soh,GPR,diversity_iterative,-1.8705782267904805,3.6176884528548388,10,5,5
HUST,set2_early_soh,GPR,diversity_oneshot,-0.6670498760838531,3.2175028709432936,10,5,5
HUST,set2_early_soh,GPR,exploitation,0.4672453410796226,2.688215901306798,10,5,5
HUST,set2_early_soh,GPR,exploration,-0.8184855373775906,3.0327622527415126,10,5,5
HUST,set2_early_soh,GPR,hybrid,-1.067824131696451,3.0357733709524553,10,5,5
HUST,set2_early_soh,RF,coverage,-2.798135267161276,2.2209364252311348,10,5,5
HUST,set2_early_soh,RF,diversity_iterative,-1.4225656162128801,5.157303299205714,10,5,5
HUST,set2_early_soh,RF,diversity_oneshot,-2.366235400209329,3.927108296417494,10,5,5
HUST,set2_early_soh,RF,exploitation,-0.8159616646860968,2.8331572456621856,10,5,5
HUST,set2_early_soh,RF,exploration,-1.4423625324218738,2.3493393586745057,10,5,5
HUST,set2_early_soh,RF,hybrid,-2.2523632143632417,1.4568501123990694,10,5,5
HUST,set3_features,AE_ENet,coverage,0.38984250608236404,1.968444251598047,10,5,5
HUST,set3_features,AE_ENet,diversity_iterative,0.9214107686789708,1.5618483182923488,10,5,5
HUST,set3_features,AE_ENet,diversity_oneshot,0.10807678402680718,2.622241351047591,10,5,5
HUST,set3_features,AE_ENet,exploitation,-1.408615346169422,3.017438139229501,10,5,5
HUST,set3_features,AE_ENet,exploration,0.0663857095749158,1.0244495795977115,10,5,5
HUST,set3_features,AE_ENet,hybrid,0.5809417216933239,1.7549877095280724,10,5,5
HUST,set3_features,GPR,coverage,0.4005561652377671,2.4468445535244663,10,5,5
HUST,set3_features,GPR,diversity_iterative,-0.26388552095705886,1.826061304836663,10,5,5
HUST,set3_features,GPR,diversity_oneshot,-1.0305476161534775,2.751619071774171,10,5,5
HUST,set3_features,GPR,exploitation,-1.4099707762465357,1.4375224848328716,10,5,5
HUST,set3_features,GPR,exploration,0.27124592609614223,2.11236399183555,10,5,5
HUST,set3_features,GPR,hybrid,-0.045008784580453765,1.758596594600705,10,5,5
HUST,set3_features,RF,coverage,0.7185372458342008,1.6425160087824608,10,5,5
HUST,set3_features,RF,diversity_iterative,0.2542442729694309,2.1458458025058227,10,5,5
HUST,set3_features,RF,diversity_oneshot,-0.2639823385978614,2.033441189002127,10,5,5
HUST,set3_features,RF,exploitation,-1.5332726391296623,2.644424162349014,10,5,5
HUST,set3_features,RF,exploration,1.0319846182580874,2.8449792100621445,10,5,5
HUST,set3_features,RF,hybrid,-0.0776675287275467,1.8811985507297122,10,5,5
HUST,set4_features_metadata,AE_ENet,coverage,0.9921568608259003,1.6803158442097141,10,5,5
HUST,set4_features_metadata,AE_ENet,diversity_iterative,1.3630246781121484,2.7151037984620485,10,5,5
HUST,set4_features_metadata,AE_ENet,diversity_oneshot,1.4611915428363413,2.589735755153274,10,5,5
HUST,set4_features_metadata,AE_ENet,exploitation,-2.4190287948792824,3.587938941757682,10,5,5
HUST,set4_features_metadata,AE_ENet,exploration,0.7616408006108821,1.557895292268938,10,5,5
HUST,set4_features_metadata,AE_ENet,hybrid,1.1162402263289717,2.293689729911649,10,5,5
HUST,set4_features_metadata,GPR,coverage,-0.4403896516114868,2.538330891365297,10,5,5
HUST,set4_features_metadata,GPR,diversity_iterative,0.42441773771616875,2.094945735571824,10,5,5
HUST,set4_features_metadata,GPR,diversity_oneshot,0.11266882524470008,2.4247541310031444,10,5,5
HUST,set4_features_metadata,GPR,exploitation,0.3136779262088448,1.919708659928777,10,5,5
HUST,set4_features_metadata,GPR,exploration,0.44926652259410194,2.384240105959751,10,5,5
HUST,set4_features_metadata,GPR,hybrid,-0.6351755854162546,2.5678807942734787,10,5,5
HUST,set4_features_metadata,RF,coverage,0.6778656798537555,2.593876119629941,10,5,5
HUST,set4_features_metadata,RF,diversity_iterative,1.0309858036963866,2.2098045645867135,10,5,5
HUST,set4_features_metadata,RF,diversity_oneshot,-0.25739075407870987,2.149972537656348,10,5,5
HUST,set4_features_metadata,RF,exploitation,-0.0010977791022166005,1.9006445506718166,10,5,5
HUST,set4_features_metadata,RF,exploration,0.6372068298174342,2.7874721574298365,10,5,5
HUST,set4_features_metadata,RF,hybrid,-0.2038432117426509,2.0099905117560506,10,5,5
HUST,set5_features_metadata_corr95,AE_ENet,coverage,1.0127458912008458,1.1656382615990355,10,5,5
HUST,set5_features_metadata_corr95,AE_ENet,diversity_iterative,0.5389109306267683,2.079078429005987,10,5,5
HUST,set5_features_metadata_corr95,AE_ENet,diversity_oneshot,1.8713558020110366,1.96881920895614,10,5,5
HUST,set5_features_metadata_corr95,AE_ENet,exploitation,-1.9164552827502532,3.218747546390667,10,5,5
HUST,set5_features_metadata_corr95,AE_ENet,exploration,0.7139375412963628,1.444158769946433,10,5,5
HUST,set5_features_metadata_corr95,AE_ENet,hybrid,0.6964781464065286,1.5676019158611125,10,5,5
HUST,set5_features_metadata_corr95,GPR,coverage,0.25441966786951864,1.9721186024170128,10,5,5
HUST,set5_features_metadata_corr95,GPR,diversity_iterative,0.30135645634066444,2.1256396137098803,10,5,5
HUST,set5_features_metadata_corr95,GPR,diversity_oneshot,-0.02152039482410739,2.758708910010536,10,5,5
HUST,set5_features_metadata_corr95,GPR,exploitation,-0.2784969342821424,2.4627352583371356,10,5,5
HUST,set5_features_metadata_corr95,GPR,exploration,-0.04258788121456799,2.3176703840393693,10,5,5
HUST,set5_features_metadata_corr95,GPR,hybrid,0.21779904323180266,2.520743641813688,10,5,5
HUST,set5_features_metadata_corr95,RF,coverage,0.4332071173044678,1.6840323029973407,10,5,5
HUST,set5_features_metadata_corr95,RF,diversity_iterative,0.48082054216320264,1.9886768844826783,10,5,5
HUST,set5_features_metadata_corr95,RF,diversity_oneshot,-0.46472537023435806,2.35720234311807,10,5,5
HUST,set5_features_metadata_corr95,RF,exploitation,-0.3045939012722071,2.547423708895816,10,5,5
HUST,set5_features_metadata_corr95,RF,exploration,-0.0449522365987416,1.900847387992394,10,5,5
HUST,set5_features_metadata_corr95,RF,hybrid,-0.835887136865038,1.823032210722739,10,5,5
ISU_ILCC,set1_dQn_m,AE_ENet,coverage,1.0845697263619405,4.190943675148812,10,6,6
ISU_ILCC,set1_dQn_m,AE_ENet,diversity_iterative,-0.3444543089966383,4.620350889021143,10,6,6
ISU_ILCC,set1_dQn_m,AE_ENet,diversity_oneshot,1.007065102663393,4.065561314095854,10,6,6
ISU_ILCC,set1_dQn_m,AE_ENet,exploitation,0.3026298248579271,3.3973349499775276,10,6,6
ISU_ILCC,set1_dQn_m,AE_ENet,exploration,0.7620268894151625,3.4457722234638997,10,6,6
ISU_ILCC,set1_dQn_m,AE_ENet,hybrid,1.4046716757156408,3.8239413477502042,10,6,6
ISU_ILCC,set1_dQn_m,GPR,coverage,0.9616646252467003,2.275497541962225,10,6,6
ISU_ILCC,set1_dQn_m,GPR,diversity_iterative,-1.002405373783554,4.919725231671289,10,6,6
ISU_ILCC,set1_dQn_m,GPR,diversity_oneshot,0.7337999487178791,2.859817204581993,10,6,6
ISU_ILCC,set1_dQn_m,GPR,exploitation,-6.913391155705081,12.276201757403822,10,6,6
ISU_ILCC,set1_dQn_m,GPR,exploration,0.5060085779112397,2.376057792972688,10,6,6
ISU_ILCC,set1_dQn_m,GPR,hybrid,0.7245225835369616,2.830604365741589,10,6,6
ISU_ILCC,set1_dQn_m,RF,coverage,1.1138636036239808,4.880460057076265,10,6,6
ISU_ILCC,set1_dQn_m,RF,diversity_iterative,-1.602804272545632,4.20681705059791,10,6,6
ISU_ILCC,set1_dQn_m,RF,diversity_oneshot,0.9980863361526616,5.5750795792133045,10,6,6
ISU_ILCC,set1_dQn_m,RF,exploitation,-3.5297548999358765,6.014931971762002,10,6,6
ISU_ILCC,set1_dQn_m,RF,exploration,-3.0017373458660304,5.5509178021454115,10,6,6
ISU_ILCC,set1_dQn_m,RF,hybrid,-1.1550954475942015,3.218322548450596,10,6,6
ISU_ILCC,set2_early_soh,AE_ENet,coverage,-0.7530052640145994,2.28331360538155,10,6,6
ISU_ILCC,set2_early_soh,AE_ENet,diversity_iterative,-0.14720496294525826,1.5406359956809743,10,6,6
ISU_ILCC,set2_early_soh,AE_ENet,diversity_oneshot,-0.7755461642620136,1.9223386216885006,10,6,6
ISU_ILCC,set2_early_soh,AE_ENet,exploitation,-2.8360171000007535,7.183129557604933,10,6,6
ISU_ILCC,set2_early_soh,AE_ENet,exploration,-1.8633778260753293,3.122647681049017,10,6,6
ISU_ILCC,set2_early_soh,AE_ENet,hybrid,-1.2981633374563837,2.198658703007358,10,6,6
ISU_ILCC,set2_early_soh,GPR,coverage,2.978504079446109,5.250740803863092,10,6,6
ISU_ILCC,set2_early_soh,GPR,diversity_iterative,3.124432888066102,7.486756420476799,10,6,6
ISU_ILCC,set2_early_soh,GPR,diversity_oneshot,3.32546745329928,7.433390289837295,10,6,6
ISU_ILCC,set2_early_soh,GPR,exploitation,-4.9124721622417145,8.265947155469563,10,6,6
ISU_ILCC,set2_early_soh,GPR,exploration,1.3476592144371333,8.07649426436539,10,6,6
ISU_ILCC,set2_early_soh,GPR,hybrid,2.979268364930188,7.057123835111072,10,6,6
ISU_ILCC,set2_early_soh,RF,coverage,0.4435734838770033,5.1712928613110485,10,6,6
ISU_ILCC,set2_early_soh,RF,diversity_iterative,1.8990847607408035,4.943613630109177,10,6,6
ISU_ILCC,set2_early_soh,RF,diversity_oneshot,1.6407386401353583,4.50750999227948,10,6,6
ISU_ILCC,set2_early_soh,RF,exploitation,-0.05055535022965767,4.043603429541667,10,6,6
ISU_ILCC,set2_early_soh,RF,exploration,-1.3692739276872186,6.109531735885607,10,6,6
ISU_ILCC,set2_early_soh,RF,hybrid,-1.0989655498397435,5.410626403806861,10,6,6
ISU_ILCC,set3_features,AE_ENet,coverage,0.2283881105231674,2.083776373478247,10,6,6
ISU_ILCC,set3_features,AE_ENet,diversity_iterative,-1.1244269289592563,2.75383586453764,10,6,6
ISU_ILCC,set3_features,AE_ENet,diversity_oneshot,0.34880151609907406,2.034604616129,10,6,6
ISU_ILCC,set3_features,AE_ENet,exploitation,-0.06417288990922425,3.8138179454641854,10,6,6
ISU_ILCC,set3_features,AE_ENet,exploration,0.21645936692653872,2.61311969769372,10,6,6
ISU_ILCC,set3_features,AE_ENet,hybrid,0.37608027288915097,2.3704498520736177,10,6,6
ISU_ILCC,set3_features,GPR,coverage,1.1150107173572799,1.9222047574898515,10,6,6
ISU_ILCC,set3_features,GPR,diversity_iterative,0.21529236585428196,3.6448936764761544,10,6,6
ISU_ILCC,set3_features,GPR,diversity_oneshot,1.2490463106840994,1.8535552684875927,10,6,6
ISU_ILCC,set3_features,GPR,exploitation,-2.8195181577882793,4.342829898040357,10,6,6
ISU_ILCC,set3_features,GPR,exploration,0.910832838462689,2.13781489304943,10,6,6
ISU_ILCC,set3_features,GPR,hybrid,0.832317899179543,2.1226634835252507,10,6,6
ISU_ILCC,set3_features,RF,coverage,0.020865350710780217,3.988646372999302,10,6,6
ISU_ILCC,set3_features,RF,diversity_iterative,-1.4713859246124836,4.138093001251707,10,6,6
ISU_ILCC,set3_features,RF,diversity_oneshot,-0.652749068541115,2.716109307005143,10,6,6
ISU_ILCC,set3_features,RF,exploitation,-1.6279852304940554,5.156621359607225,10,6,6
ISU_ILCC,set3_features,RF,exploration,-1.8540346611033858,2.9203569996679715,10,6,6
ISU_ILCC,set3_features,RF,hybrid,0.5670218156916322,3.3372560523144115,10,6,6
ISU_ILCC,set4_features_metadata,AE_ENet,coverage,0.4940838168478484,2.8906355762166918,10,6,6
ISU_ILCC,set4_features_metadata,AE_ENet,diversity_iterative,0.3894595736358062,2.9784342802687025,10,6,6
ISU_ILCC,set4_features_metadata,AE_ENet,diversity_oneshot,0.7380443981813005,2.3484534899029046,10,6,6
ISU_ILCC,set4_features_metadata,AE_ENet,exploitation,-1.6668064365134279,1.567422370543795,10,6,6
ISU_ILCC,set4_features_metadata,AE_ENet,exploration,1.3413396175804897,2.8240196012034287,10,6,6
ISU_ILCC,set4_features_metadata,AE_ENet,hybrid,1.0354717212858513,3.1257611503339087,10,6,6
ISU_ILCC,set4_features_metadata,GPR,coverage,0.8431936049579225,2.8260057852840723,10,6,6
ISU_ILCC,set4_features_metadata,GPR,diversity_iterative,1.4260339867532017,3.4386343300337843,10,6,6
ISU_ILCC,set4_features_metadata,GPR,diversity_oneshot,1.2337318877016235,3.2055475759159466,10,6,6
ISU_ILCC,set4_features_metadata,GPR,exploitation,-3.3173885187084466,5.803872350201624,10,6,6
ISU_ILCC,set4_features_metadata,GPR,exploration,0.8717728281818709,2.9594016791109317,10,6,6
ISU_ILCC,set4_features_metadata,GPR,hybrid,1.7579027746543279,2.7678044578450676,10,6,6
ISU_ILCC,set4_features_metadata,RF,coverage,0.1956003673573456,2.9800887193769303,10,6,6
ISU_ILCC,set4_features_metadata,RF,diversity_iterative,-0.21906743016039926,2.0564452155875625,10,6,6
ISU_ILCC,set4_features_metadata,RF,diversity_oneshot,0.700775960204143,1.9179982162978675,10,6,6
ISU_ILCC,set4_features_metadata,RF,exploitation,-1.785606347963127,2.6016735706989746,10,6,6
ISU_ILCC,set4_features_metadata,RF,exploration,-0.663574635274061,2.803658113577719,10,6,6
ISU_ILCC,set4_features_metadata,RF,hybrid,1.0930650857160569,2.648684427065294,10,6,6
ISU_ILCC,set5_features_metadata_corr95,AE_ENet,coverage,0.4940838168478484,2.8906355762166918,10,6,6
ISU_ILCC,set5_features_metadata_corr95,AE_ENet,diversity_iterative,0.3894595736358062,2.9784342802687025,10,6,6
ISU_ILCC,set5_features_metadata_corr95,AE_ENet,diversity_oneshot,0.7380443981813005,2.3484534899029046,10,6,6
ISU_ILCC,set5_features_metadata_corr95,AE_ENet,exploitation,-1.6668064365134279,1.567422370543795,10,6,6
ISU_ILCC,set5_features_metadata_corr95,AE_ENet,exploration,1.3413396175804897,2.8240196012034287,10,6,6
ISU_ILCC,set5_features_metadata_corr95,AE_ENet,hybrid,1.0354717212858513,3.1257611503339087,10,6,6
ISU_ILCC,set5_features_metadata_corr95,GPR,coverage,0.8431936049579225,2.8260057852840723,10,6,6
ISU_ILCC,set5_features_metadata_corr95,GPR,diversity_iterative,1.4260339867532017,3.4386343300337843,10,6,6
ISU_ILCC,set5_features_metadata_corr95,GPR,diversity_oneshot,1.2337318877016235,3.2055475759159466,10,6,6
ISU_ILCC,set5_features_metadata_corr95,GPR,exploitation,-3.3173885187084466,5.803872350201624,10,6,6
ISU_ILCC,set5_features_metadata_corr95,GPR,exploration,0.8717728281818709,2.9594016791109317,10,6,6
ISU_ILCC,set5_features_metadata_corr95,GPR,hybrid,1.7579027746543279,2.7678044578450676,10,6,6
ISU_ILCC,set5_features_metadata_corr95,RF,coverage,0.1956003673573456,2.9800887193769303,10,6,6
ISU_ILCC,set5_features_metadata_corr95,RF,diversity_iterative,-0.21906743016039926,2.0564452155875625,10,6,6
ISU_ILCC,set5_features_metadata_corr95,RF,diversity_oneshot,0.700775960204143,1.9179982162978675,10,6,6
ISU_ILCC,set5_features_metadata_corr95,RF,exploitation,-1.785606347963127,2.6016735706989746,10,6,6
ISU_ILCC,set5_features_metadata_corr95,RF,exploration,-0.663574635274061,2.803658113577719,10,6,6
ISU_ILCC,set5_features_metadata_corr95,RF,hybrid,1.0930650857160569,2.648684427065294,10,6,6
KIT,set1_dQn_m,AE_ENet,coverage,1.390332480613529,4.849183811601134,10,5,5
KIT,set1_dQn_m,AE_ENet,diversity_iterative,0.617384340012902,7.425086429764965,10,5,5
KIT,set1_dQn_m,AE_ENet,diversity_oneshot,3.6723386119314454,6.289993989409273,10,5,5
KIT,set1_dQn_m,AE_ENet,exploitation,-0.373132530220995,8.353930054528547,10,5,5
KIT,set1_dQn_m,AE_ENet,exploration,2.761253999927349,7.363205069991034,10,5,5
KIT,set1_dQn_m,AE_ENet,hybrid,4.417356993331805,5.203569999284304,10,5,5
KIT,set1_dQn_m,GPR,coverage,-6.153419608184012,6.798247252028058,10,5,5
KIT,set1_dQn_m,GPR,diversity_iterative,-4.778285682293905,9.574098460831115,10,5,5
KIT,set1_dQn_m,GPR,diversity_oneshot,-1.394001904999402,8.693793104632432,10,5,5
KIT,set1_dQn_m,GPR,exploitation,-2.253357617006698,8.309655378878741,10,5,5
KIT,set1_dQn_m,GPR,exploration,-1.4199160579067855,6.2935729378428595,10,5,5
KIT,set1_dQn_m,GPR,hybrid,-2.7748907174335007,10.124707464461546,10,5,5
KIT,set1_dQn_m,RF,coverage,2.2540930896938884,8.19650202906057,10,5,5
KIT,set1_dQn_m,RF,diversity_iterative,0.2040051332744774,9.512370166060641,10,5,5
KIT,set1_dQn_m,RF,diversity_oneshot,4.712553690278372,9.604464154601024,10,5,5
KIT,set1_dQn_m,RF,exploitation,1.8255233966274393,12.163344623490435,10,5,5
KIT,set1_dQn_m,RF,exploration,2.444908080805406,6.601880096904158,10,5,5
KIT,set1_dQn_m,RF,hybrid,1.4675807046916567,8.077155869547349,10,5,5
KIT,set2_early_soh,AE_ENet,coverage,-1.6685128589128655,6.9164957120831145,10,5,5
KIT,set2_early_soh,AE_ENet,diversity_iterative,2.1056091642263364,2.571608067523977,10,5,5
KIT,set2_early_soh,AE_ENet,diversity_oneshot,-1.4296823020324323,7.8033141509833825,10,5,5
KIT,set2_early_soh,AE_ENet,exploitation,0.12988569645991815,3.7345041768643514,10,5,5
KIT,set2_early_soh,AE_ENet,exploration,-1.7235517606269597,9.584389972920311,10,5,5
KIT,set2_early_soh,AE_ENet,hybrid,-2.7318556558919314,7.729229393363218,10,5,5
KIT,set2_early_soh,GPR,coverage,-3.4753696133321776,8.114880815454267,10,5,5
KIT,set2_early_soh,GPR,diversity_iterative,1.805763028688006,6.4714523548197604,10,5,5
KIT,set2_early_soh,GPR,diversity_oneshot,-1.9706187062387825,5.284796762341841,10,5,5
KIT,set2_early_soh,GPR,exploitation,-4.0517005594179,10.049589240948869,10,5,5
KIT,set2_early_soh,GPR,exploration,-7.268697211934102,7.61818631297963,10,5,5
KIT,set2_early_soh,GPR,hybrid,-0.7701929062014174,2.7534835370360815,10,5,5
KIT,set2_early_soh,RF,coverage,2.608362445658348,8.842568886681775,10,5,5
KIT,set2_early_soh,RF,diversity_iterative,1.8843913639046623,6.268740068008846,10,5,5
KIT,set2_early_soh,RF,diversity_oneshot,0.8345497729752646,7.813941850021905,10,5,5
KIT,set2_early_soh,RF,exploitation,0.09301787891570137,11.118253336011641,10,5,5
KIT,set2_early_soh,RF,exploration,8.761781277433174,11.517710266798533,10,5,5
KIT,set2_early_soh,RF,hybrid,4.056505870178653,7.68890786469298,10,5,5
KIT,set3_features,AE_ENet,coverage,4.106650134031294,5.510019759522656,10,5,5
KIT,set3_features,AE_ENet,diversity_iterative,0.5584780049471207,4.923972878978477,10,5,5
KIT,set3_features,AE_ENet,diversity_oneshot,3.1944442730776834,3.0338952858361896,10,5,5
KIT,set3_features,AE_ENet,exploitation,-1.4937042669127063,6.638779305683141,10,5,5
KIT,set3_features,AE_ENet,exploration,-0.784065648248701,6.2652961549213755,10,5,5
KIT,set3_features,AE_ENet,hybrid,0.1633229515309818,7.504594041495059,10,5,5
KIT,set3_features,GPR,coverage,-0.17278547221691126,5.942570061230257,10,5,5
KIT,set3_features,GPR,diversity_iterative,-1.04839412327084,5.106478061293471,10,5,5
KIT,set3_features,GPR,diversity_oneshot,1.3545512592390372,4.436931172024891,10,5,5
KIT,set3_features,GPR,exploitation,-3.8812092789007977,4.966909512153833,10,5,5
KIT,set3_features,GPR,exploration,-0.19148250821002427,6.135380398328855,10,5,5
KIT,set3_features,GPR,hybrid,-0.27809062421123265,5.478078742984318,10,5,5
KIT,set3_features,RF,coverage,-1.2908366418953676,6.4834443594280255,10,5,5
KIT,set3_features,RF,diversity_iterative,-0.0629257291282613,6.225103379149619,10,5,5
KIT,set3_features,RF,diversity_oneshot,1.2171319851964817,6.422236002631749,10,5,5
KIT,set3_features,RF,exploitation,-1.7546409750349412,6.090698626510466,10,5,5
KIT,set3_features,RF,exploration,-0.6334486713217197,7.168243773511822,10,5,5
KIT,set3_features,RF,hybrid,0.9666186753647908,6.39389664031234,10,5,5
KIT,set4_features_metadata,AE_ENet,coverage,2.364126601695177,7.9138314718382565,10,5,5
KIT,set4_features_metadata,AE_ENet,diversity_iterative,-3.3427567567032574,11.712476706969023,10,5,5
KIT,set4_features_metadata,AE_ENet,diversity_oneshot,0.9666901627397781,7.606778786246114,10,5,5
KIT,set4_features_metadata,AE_ENet,exploitation,-5.060156728535345,12.718213462507567,10,5,5
KIT,set4_features_metadata,AE_ENet,exploration,4.05746793346416,7.9621569894927715,10,5,5
KIT,set4_features_metadata,AE_ENet,hybrid,1.862131500547409,8.30149807590993,10,5,5
KIT,set4_features_metadata,GPR,coverage,0.1434377440391626,6.742988864655518,10,5,5
KIT,set4_features_metadata,GPR,diversity_iterative,0.04391822999780537,6.911514259297582,10,5,5
KIT,set4_features_metadata,GPR,diversity_oneshot,0.06727092379074336,6.499647377015754,10,5,5
KIT,set4_features_metadata,GPR,exploitation,0.03984488028438591,7.4589397816675875,10,5,5
KIT,set4_features_metadata,GPR,exploration,-0.006235282132379183,8.673895202654915,10,5,5
KIT,set4_features_metadata,GPR,hybrid,-0.6807622267681301,5.41851523031242,10,5,5
KIT,set4_features_metadata,RF,coverage,-2.381623313662982,6.814284735890228,10,5,5
KIT,set4_features_metadata,RF,diversity_iterative,1.46721106369979,6.730175679984941,10,5,5
KIT,set4_features_metadata,RF,diversity_oneshot,1.2418422367588704,5.966332171954462,10,5,5
KIT,set4_features_metadata,RF,exploitation,-2.9069475965719045,4.86220809966053,10,5,5
KIT,set4_features_metadata,RF,exploration,-1.325782570086569,3.2924268158443155,10,5,5
KIT,set4_features_metadata,RF,hybrid,-0.3046594693045215,6.554840330158626,10,5,5
KIT,set5_features_metadata_corr95,AE_ENet,coverage,2.6337076616756008,9.213809102112092,10,5,5
KIT,set5_features_metadata_corr95,AE_ENet,diversity_iterative,-16.482885403892894,24.829976962680092,10,5,5
KIT,set5_features_metadata_corr95,AE_ENet,diversity_oneshot,-2.063542829888486,10.651981525551673,10,5,5
KIT,set5_features_metadata_corr95,AE_ENet,exploitation,-4.615650486241854,13.16789716993227,10,5,5
KIT,set5_features_metadata_corr95,AE_ENet,exploration,1.942476593025765,9.745957135358973,10,5,5
KIT,set5_features_metadata_corr95,AE_ENet,hybrid,3.7474903770848846,7.454396569859889,10,5,5
KIT,set5_features_metadata_corr95,GPR,coverage,0.2849389172689806,5.833989813925446,10,5,5
KIT,set5_features_metadata_corr95,GPR,diversity_iterative,-4.289134870521485,11.245649235356499,10,5,5
KIT,set5_features_metadata_corr95,GPR,diversity_oneshot,-2.093337782914055,6.233045136372183,10,5,5
KIT,set5_features_metadata_corr95,GPR,exploitation,-0.9835955393836407,9.730790409175517,10,5,5
KIT,set5_features_metadata_corr95,GPR,exploration,0.5500520551079319,9.86051793155094,10,5,5
KIT,set5_features_metadata_corr95,GPR,hybrid,0.40707400793484255,7.648217112459074,10,5,5
KIT,set5_features_metadata_corr95,RF,coverage,0.6434463004531694,6.486362876625486,10,5,5
KIT,set5_features_metadata_corr95,RF,diversity_iterative,0.24786311553540408,9.108238800409755,10,5,5
KIT,set5_features_metadata_corr95,RF,diversity_oneshot,-1.8858109052347103,6.597350969251518,10,5,5
KIT,set5_features_metadata_corr95,RF,exploitation,-2.5264622617965524,6.7031472896167354,10,5,5
KIT,set5_features_metadata_corr95,RF,exploration,0.5876636086166591,4.602994040513289,10,5,5
KIT,set5_features_metadata_corr95,RF,hybrid,0.5199888489165101,5.921910204336714,10,5,5
LSD_Primary,set1_dQn_m,AE_ENet,coverage,35.19001831155147,59.511060835056625,10,4,4
LSD_Primary,set1_dQn_m,AE_ENet,diversity_iterative,36.6025219524992,64.83418721434107,10,4,4
LSD_Primary,set1_dQn_m,AE_ENet,diversity_oneshot,34.313769858044076,62.72947007447464,10,4,4
LSD_Primary,set1_dQn_m,AE_ENet,exploitation,-10.019904695106552,97.28814526141561,10,4,4
LSD_Primary,set1_dQn_m,AE_ENet,exploration,34.1573975882529,62.99469406699823,10,4,4
LSD_Primary,set1_dQn_m,AE_ENet,hybrid,32.9703372027,61.20560502076708,10,4,4
LSD_Primary,set1_dQn_m,GPR,coverage,41.118877898067396,49.53758086521162,10,4,4
LSD_Primary,set1_dQn_m,GPR,diversity_iterative,40.712719288340324,51.485469127066516,10,4,4
LSD_Primary,set1_dQn_m,GPR,diversity_oneshot,43.90439211510342,50.49206775707124,10,4,4
LSD_Primary,set1_dQn_m,GPR,exploitation,-24.646214746581506,28.808442649225373,10,4,4
LSD_Primary,set1_dQn_m,GPR,exploration,43.91455688440139,51.71359706074831,10,4,4
LSD_Primary,set1_dQn_m,GPR,hybrid,43.8114438420786,51.57467663333178,10,4,4
LSD_Primary,set1_dQn_m,RF,coverage,14.170004382263887,19.530535828938955,10,4,4
LSD_Primary,set1_dQn_m,RF,diversity_iterative,15.38979852748842,21.101339358644747,10,4,4
LSD_Primary,set1_dQn_m,RF,diversity_oneshot,17.677672856403095,17.25932735414894,10,4,4
LSD_Primary,set1_dQn_m,RF,exploitation,-12.452842852210848,16.476313911694216,10,4,4
LSD_Primary,set1_dQn_m,RF,exploration,3.297306872228669,18.81251621035939,10,4,4
LSD_Primary,set1_dQn_m,RF,hybrid,9.76069259625472,16.560638759805354,10,4,4
LSD_Primary,set2_early_soh,AE_ENet,coverage,2.68148373445858,6.509716900963442,10,4,4
LSD_Primary,set2_early_soh,AE_ENet,diversity_iterative,-0.0310842474104148,8.470499457470165,10,4,4
LSD_Primary,set2_early_soh,AE_ENet,diversity_oneshot,2.200653799142002,9.149736898777249,10,4,4
LSD_Primary,set2_early_soh,AE_ENet,exploitation,-0.8017496331694334,6.885194955099197,10,4,4
LSD_Primary,set2_early_soh,AE_ENet,exploration,2.2328304769432226,6.396929459650722,10,4,4
LSD_Primary,set2_early_soh,AE_ENet,hybrid,2.2466671162727314,7.445023365276739,10,4,4
LSD_Primary,set2_early_soh,GPR,coverage,47.73132368653139,61.60688778083243,10,4,4
LSD_Primary,set2_early_soh,GPR,diversity_iterative,47.68251282734891,55.57783026402736,10,4,4
LSD_Primary,set2_early_soh,GPR,diversity_oneshot,49.53834191577772,58.242361326090496,10,4,4
LSD_Primary,set2_early_soh,GPR,exploitation,5.974928917239071,54.099198297050506,10,4,4
LSD_Primary,set2_early_soh,GPR,exploration,41.928699272744254,55.569276188884,10,4,4
LSD_Primary,set2_early_soh,GPR,hybrid,47.59366663355356,57.76964165656771,10,4,4
LSD_Primary,set2_early_soh,RF,coverage,26.515856704047053,33.93922729170042,10,4,4
LSD_Primary,set2_early_soh,RF,diversity_iterative,26.455315755976,35.91634266261597,10,4,4
LSD_Primary,set2_early_soh,RF,diversity_oneshot,25.394778261916475,30.84290231545254,10,4,4
LSD_Primary,set2_early_soh,RF,exploitation,-7.792908003940022,22.19676560636637,10,4,4
LSD_Primary,set2_early_soh,RF,exploration,2.0869357916034454,30.641105356637677,10,4,4
LSD_Primary,set2_early_soh,RF,hybrid,19.278435702447275,23.34828992768686,10,4,4
LSD_Primary,set3_features,AE_ENet,coverage,41.19037814729607,78.34339236152734,10,4,4
LSD_Primary,set3_features,AE_ENet,diversity_iterative,26.74796746350146,106.78134123931812,10,4,4
LSD_Primary,set3_features,AE_ENet,diversity_oneshot,60.17031859836749,79.86671734461136,10,4,4
LSD_Primary,set3_features,AE_ENet,exploitation,-28.524314767148514,122.53244586016478,10,4,4
LSD_Primary,set3_features,AE_ENet,exploration,29.828333210060453,90.51275978115012,10,4,4
LSD_Primary,set3_features,AE_ENet,hybrid,34.873583602118536,81.82810674736288,10,4,4
LSD_Primary,set3_features,GPR,coverage,19.178057303998365,30.426151995358488,10,4,4
LSD_Primary,set3_features,GPR,diversity_iterative,14.618757698128778,22.677568512634107,10,4,4
LSD_Primary,set3_features,GPR,diversity_oneshot,18.28484854598322,26.476362637448986,10,4,4
LSD_Primary,set3_features,GPR,exploitation,-20.793196370870245,15.440718714495697,10,4,4
LSD_Primary,set3_features,GPR,exploration,19.081901333173086,29.23505749532785,10,4,4
LSD_Primary,set3_features,GPR,hybrid,18.84177781566058,28.894596057744952,10,4,4
LSD_Primary,set3_features,RF,coverage,15.171386248445675,22.295135216331413,10,4,4
LSD_Primary,set3_features,RF,diversity_iterative,10.545217339751469,21.876803974071507,10,4,4
LSD_Primary,set3_features,RF,diversity_oneshot,14.006514068500655,22.581108258030987,10,4,4
LSD_Primary,set3_features,RF,exploitation,-4.599786560045932,19.88266101006305,10,4,4
LSD_Primary,set3_features,RF,exploration,9.355068407025644,24.186949236009742,10,4,4
LSD_Primary,set3_features,RF,hybrid,11.649016275620744,24.25468138602948,10,4,4
LSD_Primary,set4_features_metadata,AE_ENet,coverage,67.07843504761074,114.2434676335429,10,4,4
LSD_Primary,set4_features_metadata,AE_ENet,diversity_iterative,54.86705234003405,110.11337195438439,10,4,4
LSD_Primary,set4_features_metadata,AE_ENet,diversity_oneshot,74.57312498802779,111.1140067463979,10,4,4
LSD_Primary,set4_features_metadata,AE_ENet,exploitation,-28.61365094725291,85.86749875646242,10,4,4
LSD_Primary,set4_features_metadata,AE_ENet,exploration,70.92438912435198,113.05196432057603,10,4,4
LSD_Primary,set4_features_metadata,AE_ENet,hybrid,67.37810712218975,102.90568948689906,10,4,4
LSD_Primary,set4_features_metadata,GPR,coverage,28.96086599816452,39.95563877220362,10,4,4
LSD_Primary,set4_features_metadata,GPR,diversity_iterative,13.942910409722657,35.480401346165515,10,4,4
LSD_Primary,set4_features_metadata,GPR,diversity_oneshot,32.09618840088774,38.24566851928489,10,4,4
LSD_Primary,set4_features_metadata,GPR,exploitation,-22.121489397202758,24.08145643821979,10,4,4
LSD_Primary,set4_features_metadata,GPR,exploration,25.53723933488871,41.65173055796528,10,4,4
LSD_Primary,set4_features_metadata,GPR,hybrid,29.68921937905107,40.85778520575576,10,4,4
LSD_Primary,set4_features_metadata,RF,coverage,15.233050792004997,23.463899374530126,10,4,4
LSD_Primary,set4_features_metadata,RF,diversity_iterative,13.309043167768825,21.842358116819593,10,4,4
LSD_Primary,set4_features_metadata,RF,diversity_oneshot,15.34188212929367,22.89309327368853,10,4,4
LSD_Primary,set4_features_metadata,RF,exploitation,-20.947305296491894,54.1777445075818,10,4,4
LSD_Primary,set4_features_metadata,RF,exploration,3.683912830011083,27.090597870020826,10,4,4
LSD_Primary,set4_features_metadata,RF,hybrid,12.926522772094085,24.655040578795987,10,4,4
LSD_Primary,set5_features_metadata_corr95,AE_ENet,coverage,63.80346655772096,109.7732510577636,10,4,4
LSD_Primary,set5_features_metadata_corr95,AE_ENet,diversity_iterative,57.59080216635969,119.17797476342741,10,4,4
LSD_Primary,set5_features_metadata_corr95,AE_ENet,diversity_oneshot,62.96149446009089,97.11932052884295,10,4,4
LSD_Primary,set5_features_metadata_corr95,AE_ENet,exploitation,-31.631736590288853,88.59703240210166,10,4,4
LSD_Primary,set5_features_metadata_corr95,AE_ENet,exploration,65.43721642863622,112.13547451899201,10,4,4
LSD_Primary,set5_features_metadata_corr95,AE_ENet,hybrid,64.30422747264886,111.7177833241974,10,4,4
LSD_Primary,set5_features_metadata_corr95,GPR,coverage,25.842179873497525,39.72800796535012,10,4,4
LSD_Primary,set5_features_metadata_corr95,GPR,diversity_iterative,8.255283061778858,36.266042514461994,10,4,4
LSD_Primary,set5_features_metadata_corr95,GPR,diversity_oneshot,31.382763283015116,43.27217205118713,10,4,4
LSD_Primary,set5_features_metadata_corr95,GPR,exploitation,-19.555997162924523,21.201261094612164,10,4,4
LSD_Primary,set5_features_metadata_corr95,GPR,exploration,22.853647590244645,43.983793121972525,10,4,4
LSD_Primary,set5_features_metadata_corr95,GPR,hybrid,28.749845770919865,42.180950422810525,10,4,4
LSD_Primary,set5_features_metadata_corr95,RF,coverage,13.910349918774738,23.05065830822397,10,4,4
LSD_Primary,set5_features_metadata_corr95,RF,diversity_iterative,12.582192299508232,18.708871659754116,10,4,4
LSD_Primary,set5_features_metadata_corr95,RF,diversity_oneshot,14.023078818098984,22.72259112974636,10,4,4
LSD_Primary,set5_features_metadata_corr95,RF,exploitation,-6.666799120735837,15.592685913087408,10,4,4
LSD_Primary,set5_features_metadata_corr95,RF,exploration,6.325390703323231,22.439865995994033,10,4,4
LSD_Primary,set5_features_metadata_corr95,RF,hybrid,15.04186082421088,24.09105126288424,10,4,4
LSD_Second,set1_dQn_m,AE_ENet,coverage,-4.052605716223357,8.396085281491873,10,4,4
LSD_Second,set1_dQn_m,AE_ENet,diversity_iterative,-2.3878494612124093,5.393141313675651,10,4,4
LSD_Second,set1_dQn_m,AE_ENet,diversity_oneshot,0.4922656148527394,8.165311848813099,10,4,4
LSD_Second,set1_dQn_m,AE_ENet,exploitation,1.5624385370712814,6.014002540935078,10,4,4
LSD_Second,set1_dQn_m,AE_ENet,exploration,-7.247742137005337,7.909958485627623,10,4,4
LSD_Second,set1_dQn_m,AE_ENet,hybrid,-3.2150813532694555,7.6461160027363935,10,4,4
LSD_Second,set1_dQn_m,GPR,coverage,2.4251506294304455,5.520852734336141,10,4,4
LSD_Second,set1_dQn_m,GPR,diversity_iterative,-4.203349525451286,10.258912416336138,10,4,4
LSD_Second,set1_dQn_m,GPR,diversity_oneshot,2.5567608686315433,4.865363608739394,10,4,4
LSD_Second,set1_dQn_m,GPR,exploitation,-3.2479117982569448,7.581347518513641,10,4,4
LSD_Second,set1_dQn_m,GPR,exploration,1.279008477562256,5.818452600829797,10,4,4
LSD_Second,set1_dQn_m,GPR,hybrid,3.2682185138421027,5.462333742819123,10,4,4
LSD_Second,set1_dQn_m,RF,coverage,2.98012346158018,17.399327880376223,10,4,4
LSD_Second,set1_dQn_m,RF,diversity_iterative,7.944923536142324,12.925273638609497,10,4,4
LSD_Second,set1_dQn_m,RF,diversity_oneshot,7.048240356216648,14.562861426849423,10,4,4
LSD_Second,set1_dQn_m,RF,exploitation,-1.7736708577796805,22.871951792267712,10,4,4
LSD_Second,set1_dQn_m,RF,exploration,-10.437611966458341,33.98920080848855,10,4,4
LSD_Second,set1_dQn_m,RF,hybrid,4.505185329231555,14.165626634043143,10,4,4
LSD_Second,set2_early_soh,AE_ENet,coverage,5.621467678194166,13.056923708996061,10,4,4
LSD_Second,set2_early_soh,AE_ENet,diversity_iterative,7.4523352827217675,13.912609410069107,10,4,4
LSD_Second,set2_early_soh,AE_ENet,diversity_oneshot,4.205400088994096,9.055556015089167,10,4,4
LSD_Second,set2_early_soh,AE_ENet,exploitation,0.4063647404008627,10.0979099686954,10,4,4
LSD_Second,set2_early_soh,AE_ENet,exploration,-0.9786612086587407,20.845270056985115,10,4,4
LSD_Second,set2_early_soh,AE_ENet,hybrid,4.551456717701013,13.623440452067543,10,4,4
LSD_Second,set2_early_soh,GPR,coverage,4.437664699318698,8.284673081847492,10,4,4
LSD_Second,set2_early_soh,GPR,diversity_iterative,3.8575654821124914,12.3931447738857,10,4,4
LSD_Second,set2_early_soh,GPR,diversity_oneshot,-0.6539491639672611,9.3721285679467,10,4,4
LSD_Second,set2_early_soh,GPR,exploitation,6.890043397783873,8.045488221249672,10,4,4
LSD_Second,set2_early_soh,GPR,exploration,5.612412211936823,11.524322917199669,10,4,4
LSD_Second,set2_early_soh,GPR,hybrid,3.9675459010550123,8.291539296598694,10,4,4
LSD_Second,set2_early_soh,RF,coverage,13.002481535930755,14.17231528068861,10,4,4
LSD_Second,set2_early_soh,RF,diversity_iterative,8.953967289881692,19.702985089381308,10,4,4
LSD_Second,set2_early_soh,RF,diversity_oneshot,10.884180200928407,16.097856212661032,10,4,4
LSD_Second,set2_early_soh,RF,exploitation,11.385247871769723,15.69786265243345,10,4,4
LSD_Second,set2_early_soh,RF,exploration,12.603180246677487,12.203164308173921,10,4,4
LSD_Second,set2_early_soh,RF,hybrid,12.907451848911387,14.455229051512617,10,4,4
LSD_Second,set3_features,AE_ENet,coverage,-2.8591932772955677,13.742352692568721,10,4,4
LSD_Second,set3_features,AE_ENet,diversity_iterative,-3.158945622769368,9.102971107195762,10,4,4
LSD_Second,set3_features,AE_ENet,diversity_oneshot,-0.666617856542228,7.499228021706592,10,4,4
LSD_Second,set3_features,AE_ENet,exploitation,-1.6559336637598263,6.576777133532097,10,4,4
LSD_Second,set3_features,AE_ENet,exploration,-0.24201428278725318,10.307238746883973,10,4,4
LSD_Second,set3_features,AE_ENet,hybrid,-0.5598766917039596,8.616819391862464,10,4,4
LSD_Second,set3_features,GPR,coverage,-0.5789173151347204,14.05628504259587,10,4,4
LSD_Second,set3_features,GPR,diversity_iterative,-1.1604792388950733,6.450390488746679,10,4,4
LSD_Second,set3_features,GPR,diversity_oneshot,1.088923724991228,7.405524170241667,10,4,4
LSD_Second,set3_features,GPR,exploitation,-0.15810720120690896,3.175291014074239,10,4,4
LSD_Second,set3_features,GPR,exploration,2.1128987512048782,7.089905064005527,10,4,4
LSD_Second,set3_features,GPR,hybrid,1.1920296312720526,7.296266813510371,10,4,4
LSD_Second,set3_features,RF,coverage,-2.9018496104172002,11.165912155063188,10,4,4
LSD_Second,set3_features,RF,diversity_iterative,2.4945589389173515,8.76326094110787,10,4,4
LSD_Second,set3_features,RF,diversity_oneshot,2.886499637228233,7.380580556238139,10,4,4
LSD_Second,set3_features,RF,exploitation,-3.74809926662616,9.71395474306301,10,4,4
LSD_Second,set3_features,RF,exploration,1.7556501561267681,5.659824794350242,10,4,4
LSD_Second,set3_features,RF,hybrid,0.7753291107812785,7.714707483490191,10,4,4
LSD_Second,set4_features_metadata,AE_ENet,coverage,-1.6671120118666067,7.204355603540955,10,4,4
LSD_Second,set4_features_metadata,AE_ENet,diversity_iterative,2.718945544349839,10.81551115587407,10,4,4
LSD_Second,set4_features_metadata,AE_ENet,diversity_oneshot,-0.8549953341117241,11.311103291747576,10,4,4
LSD_Second,set4_features_metadata,AE_ENet,exploitation,2.7481505917048024,8.858162632691128,10,4,4
LSD_Second,set4_features_metadata,AE_ENet,exploration,-1.5123435169482733,6.2077121949336815,10,4,4
LSD_Second,set4_features_metadata,AE_ENet,hybrid,-2.911983960458408,7.60231965057317,10,4,4
LSD_Second,set4_features_metadata,GPR,coverage,-1.8222762628955784,10.586433090508761,10,4,4
LSD_Second,set4_features_metadata,GPR,diversity_iterative,-0.7810749679081896,6.368638873917631,10,4,4
LSD_Second,set4_features_metadata,GPR,diversity_oneshot,-1.7603196118429643,6.535127632313224,10,4,4
LSD_Second,set4_features_metadata,GPR,exploitation,-1.2082139198925745,6.761428527762489,10,4,4
LSD_Second,set4_features_metadata,GPR,exploration,-3.4893710337430965,10.492907026003497,10,4,4
LSD_Second,set4_features_metadata,GPR,hybrid,-1.9347636489113924,10.501641900053706,10,4,4
LSD_Second,set4_features_metadata,RF,coverage,-3.425438908851504,11.554909909698688,10,4,4
LSD_Second,set4_features_metadata,RF,diversity_iterative,6.406853319401064,11.56239670479072,10,4,4
LSD_Second,set4_features_metadata,RF,diversity_oneshot,2.1230442759730024,9.418019930718941,10,4,4
LSD_Second,set4_features_metadata,RF,exploitation,-3.24677068877626,11.071901118338381,10,4,4
LSD_Second,set4_features_metadata,RF,exploration,-0.05864383024804996,4.906915196168381,10,4,4
LSD_Second,set4_features_metadata,RF,hybrid,-0.7558681368398528,6.717562973427029,10,4,4
LSD_Second,set5_features_metadata_corr95,AE_ENet,coverage,-3.8054478563700678,12.286395891427311,10,4,4
LSD_Second,set5_features_metadata_corr95,AE_ENet,diversity_iterative,4.706933119197968,10.58936699105231,10,4,4
LSD_Second,set5_features_metadata_corr95,AE_ENet,diversity_oneshot,1.2237737935704556,10.527732159819744,10,4,4
LSD_Second,set5_features_metadata_corr95,AE_ENet,exploitation,5.838178619832609,8.01671558533533,10,4,4
LSD_Second,set5_features_metadata_corr95,AE_ENet,exploration,-0.24057694389103465,8.280847653864598,10,4,4
LSD_Second,set5_features_metadata_corr95,AE_ENet,hybrid,-3.698840499166137,9.875494312788357,10,4,4
LSD_Second,set5_features_metadata_corr95,GPR,coverage,-3.1512665740329053,11.84139526474566,10,4,4
LSD_Second,set5_features_metadata_corr95,GPR,diversity_iterative,-1.5730695036934261,5.637427744705075,10,4,4
LSD_Second,set5_features_metadata_corr95,GPR,diversity_oneshot,0.33646428578592535,6.484353272812113,10,4,4
LSD_Second,set5_features_metadata_corr95,GPR,exploitation,-1.4824934902998055,8.102127888188575,10,4,4
LSD_Second,set5_features_metadata_corr95,GPR,exploration,-3.1056311349065915,10.2400340771816,10,4,4
LSD_Second,set5_features_metadata_corr95,GPR,hybrid,-2.8350798342166925,11.369088064929858,10,4,4
LSD_Second,set5_features_metadata_corr95,RF,coverage,-2.4203698529491358,11.904503692568314,10,4,4
LSD_Second,set5_features_metadata_corr95,RF,diversity_iterative,3.5430858209178213,6.917715121515296,10,4,4
LSD_Second,set5_features_metadata_corr95,RF,diversity_oneshot,0.8605082818088731,6.871882372679995,10,4,4
LSD_Second,set5_features_metadata_corr95,RF,exploitation,-5.588722335036787,14.291051923725929,10,4,4
LSD_Second,set5_features_metadata_corr95,RF,exploration,-0.2851445383038775,7.986417879885032,10,4,4
LSD_Second,set5_features_metadata_corr95,RF,hybrid,1.028825677013809,7.393258482930311,10,4,4
MIT,set1_dQn_m,AE_ENet,coverage,-4.002666281539704,11.968754698682512,10,6,6
MIT,set1_dQn_m,AE_ENet,diversity_iterative,-1.739539437208831,6.192301293292248,10,6,6
MIT,set1_dQn_m,AE_ENet,diversity_oneshot,-3.148035807421895,11.104099315161974,10,6,6
MIT,set1_dQn_m,AE_ENet,exploitation,-5.264397049091194,11.209936274197878,10,6,6
MIT,set1_dQn_m,AE_ENet,exploration,-2.3707114054317886,6.090207929118451,10,6,6
MIT,set1_dQn_m,AE_ENet,hybrid,-2.705083796302142,8.614116472788108,10,6,6
MIT,set1_dQn_m,GPR,coverage,0.4081440431073644,1.3653347605242827,10,6,6
MIT,set1_dQn_m,GPR,diversity_iterative,-0.5598056549842763,1.6515695302796825,10,6,6
MIT,set1_dQn_m,GPR,diversity_oneshot,0.8774222076070478,1.790858585818377,10,6,6
MIT,set1_dQn_m,GPR,exploitation,-1.501247043042721,4.021788631041679,10,6,6
MIT,set1_dQn_m,GPR,exploration,0.16252495681298543,1.4508119714192287,10,6,6
MIT,set1_dQn_m,GPR,hybrid,0.8733979976970598,1.4485758309277093,10,6,6
MIT,set1_dQn_m,RF,coverage,0.05726023132462341,0.9747263356898463,10,6,6
MIT,set1_dQn_m,RF,diversity_iterative,-0.7824805124538449,1.4183096288647437,10,6,6
MIT,set1_dQn_m,RF,diversity_oneshot,-0.33864854928956417,1.6949134899729297,10,6,6
MIT,set1_dQn_m,RF,exploitation,-1.0742814765252924,3.1076235786327664,10,6,6
MIT,set1_dQn_m,RF,exploration,-0.012195815481031635,2.077801641947261,10,6,6
MIT,set1_dQn_m,RF,hybrid,0.6599126067566263,1.2754634312166089,10,6,6
MIT,set2_early_soh,AE_ENet,coverage,-0.28849495690008836,5.389401289062125,10,6,6
MIT,set2_early_soh,AE_ENet,diversity_iterative,-1.3618015809395243,5.741228872515522,10,6,6
MIT,set2_early_soh,AE_ENet,diversity_oneshot,0.4324713552575517,5.183554882050179,10,6,6
MIT,set2_early_soh,AE_ENet,exploitation,-1.2260809926629685,3.796836646878486,10,6,6
MIT,set2_early_soh,AE_ENet,exploration,-0.624755123448995,4.1562147441740205,10,6,6
MIT,set2_early_soh,AE_ENet,hybrid,-0.6664698881208398,4.3851365819036605,10,6,6
MIT,set2_early_soh,GPR,coverage,1.5654668297703007,5.421473207170147,10,6,6
MIT,set2_early_soh,GPR,diversity_iterative,0.0638653108868013,7.266840424752303,10,6,6
MIT,set2_early_soh,GPR,diversity_oneshot,3.294317671310229,6.344877866280361,10,6,6
MIT,set2_early_soh,GPR,exploitation,-7.992516433338535,9.551031841172522,10,6,6
MIT,set2_early_soh,GPR,exploration,-1.0282370235860332,4.719276417191124,10,6,6
MIT,set2_early_soh,GPR,hybrid,1.0464986477970932,6.157903903904829,10,6,6
MIT,set2_early_soh,RF,coverage,1.6403537273991542,4.713212276453978,10,6,6
MIT,set2_early_soh,RF,diversity_iterative,-0.9479942977071589,5.934132609599479,10,6,6
MIT,set2_early_soh,RF,diversity_oneshot,3.1255091558714434,4.536677418306656,10,6,6
MIT,set2_early_soh,RF,exploitation,-3.865488608399681,4.781066024105073,10,6,6
MIT,set2_early_soh,RF,exploration,-2.4841863693220647,5.735665673020543,10,6,6
MIT,set2_early_soh,RF,hybrid,3.2777408514718958,4.299806829727188,10,6,6
MIT,set3_features,AE_ENet,coverage,0.6920053649237314,1.1866691072376294,10,6,6
MIT,set3_features,AE_ENet,diversity_iterative,0.5040128737887712,1.6841995241593175,10,6,6
MIT,set3_features,AE_ENet,diversity_oneshot,0.5029608235334907,1.0892800325448215,10,6,6
MIT,set3_features,AE_ENet,exploitation,-0.7459140417343992,3.738920080891615,10,6,6
MIT,set3_features,AE_ENet,exploration,0.7801236717885388,1.5299570126246307,10,6,6
MIT,set3_features,AE_ENet,hybrid,0.416604114430303,1.9440467177055376,10,6,6
MIT,set3_features,GPR,coverage,1.3505120425239732,1.4740469982755773,10,6,6
MIT,set3_features,GPR,diversity_iterative,1.302061419210937,1.3935583304974344,10,6,6
MIT,set3_features,GPR,diversity_oneshot,1.346533179697477,0.7169209543348186,10,6,6
MIT,set3_features,GPR,exploitation,-1.4903052495317743,2.777159040321059,10,6,6
MIT,set3_features,GPR,exploration,1.4617069361985255,0.6735531883843479,10,6,6
MIT,set3_features,GPR,hybrid,1.1903353830481105,0.9704403540890115,10,6,6
MIT,set3_features,RF,coverage,-0.10674601943443215,1.357387288837746,10,6,6
MIT,set3_features,RF,diversity_iterative,-0.3548362154625466,1.9416967622582006,10,6,6
MIT,set3_features,RF,diversity_oneshot,-0.6261644485386362,1.807463687329104,10,6,6
MIT,set3_features,RF,exploitation,-0.11548012013418467,2.2558254226120837,10,6,6
MIT,set3_features,RF,exploration,-0.32295800336790437,2.7324988129647676,10,6,6
MIT,set3_features,RF,hybrid,0.2101595525228392,1.71926376627261,10,6,6
MIT,set4_features_metadata,AE_ENet,coverage,1.2357136374355178,1.9450190229839823,10,6,6
MIT,set4_features_metadata,AE_ENet,diversity_iterative,0.47758697106508236,2.671097718587368,10,6,6
MIT,set4_features_metadata,AE_ENet,diversity_oneshot,0.7763612227215764,1.6884968707032353,10,6,6
MIT,set4_features_metadata,AE_ENet,exploitation,0.15356527116727525,1.178990363139423,10,6,6
MIT,set4_features_metadata,AE_ENet,exploration,1.1368955052937737,1.6204916161192604,10,6,6
MIT,set4_features_metadata,AE_ENet,hybrid,1.1865775303918686,2.22282750775031,10,6,6
MIT,set4_features_metadata,GPR,coverage,1.2215390673952502,1.8689237273163424,10,6,6
MIT,set4_features_metadata,GPR,diversity_iterative,0.65061780626202,1.6372635059105654,10,6,6
MIT,set4_features_metadata,GPR,diversity_oneshot,0.7871481106034701,0.931033427625311,10,6,6
MIT,set4_features_metadata,GPR,exploitation,-1.8116577915148422,3.8242562379369662,10,6,6
MIT,set4_features_metadata,GPR,exploration,1.1269990572044137,1.6121205194968424,10,6,6
MIT,set4_features_metadata,GPR,hybrid,1.3643846089613105,1.2662723286422826,10,6,6
MIT,set4_features_metadata,RF,coverage,-0.14816736954211077,1.628065223842845,10,6,6
MIT,set4_features_metadata,RF,diversity_iterative,0.45929266850861417,1.4034248825296411,10,6,6
MIT,set4_features_metadata,RF,diversity_oneshot,-0.04774341985413551,1.2829333749461347,10,6,6
MIT,set4_features_metadata,RF,exploitation,-0.5078360183121411,2.164940526724725,10,6,6
MIT,set4_features_metadata,RF,exploration,-0.21905361512959928,2.060348648405378,10,6,6
MIT,set4_features_metadata,RF,hybrid,0.6765022001967955,1.899098653921618,10,6,6
MIT,set5_features_metadata_corr95,AE_ENet,coverage,1.1947863700627297,2.002175435084077,10,6,6
MIT,set5_features_metadata_corr95,AE_ENet,diversity_iterative,0.38002342214519635,2.4781301985999877,10,6,6
MIT,set5_features_metadata_corr95,AE_ENet,diversity_oneshot,0.3428150440748557,1.5005256465470056,10,6,6
MIT,set5_features_metadata_corr95,AE_ENet,exploitation,-0.046578330396525244,2.1350200771376726,10,6,6
MIT,set5_features_metadata_corr95,AE_ENet,exploration,0.8414073221499146,1.6984868527998023,10,6,6
MIT,set5_features_metadata_corr95,AE_ENet,hybrid,1.4759685852862054,2.0163263612269753,10,6,6
MIT,set5_features_metadata_corr95,GPR,coverage,1.0396925611991579,2.062367440468217,10,6,6
MIT,set5_features_metadata_corr95,GPR,diversity_iterative,0.39751096438475864,1.503784075756067,10,6,6
MIT,set5_features_metadata_corr95,GPR,diversity_oneshot,0.9296790277274205,1.2687779378080524,10,6,6
MIT,set5_features_metadata_corr95,GPR,exploitation,-0.8693890041236296,2.5016525873316917,10,6,6
MIT,set5_features_metadata_corr95,GPR,exploration,1.377194005784219,1.4423917010757672,10,6,6
MIT,set5_features_metadata_corr95,GPR,hybrid,1.4272147594038387,1.5170443854897815,10,6,6
MIT,set5_features_metadata_corr95,RF,coverage,0.054484343337311,1.739954503834248,10,6,6
MIT,set5_features_metadata_corr95,RF,diversity_iterative,-0.06660881037945213,2.196213223708566,10,6,6
MIT,set5_features_metadata_corr95,RF,diversity_oneshot,-0.1719963912119969,1.9149014095212702,10,6,6
MIT,set5_features_metadata_corr95,RF,exploitation,-0.22819224758395146,2.0674893357712434,10,6,6
MIT,set5_features_metadata_corr95,RF,exploration,0.4284902970208659,1.5317035743125942,10,6,6
MIT,set5_features_metadata_corr95,RF,hybrid,0.6493251050456501,2.009678845223139,10,6,6
TRI_Tesla,set1_dQn_m,AE_ENet,coverage,1.0545416380821389,2.698319640636801,10,7,7
TRI_Tesla,set1_dQn_m,AE_ENet,diversity_iterative,-4.875132513038584,5.097039531168758,10,7,7
TRI_Tesla,set1_dQn_m,AE_ENet,diversity_oneshot,0.9280758840925936,2.715277344312473,10,7,7
TRI_Tesla,set1_dQn_m,AE_ENet,exploitation,-0.40874914575770216,3.5381122460230428,10,7,7
TRI_Tesla,set1_dQn_m,AE_ENet,exploration,-0.7745735483729644,3.322788092326033,10,7,7
TRI_Tesla,set1_dQn_m,AE_ENet,hybrid,0.481291538063628,3.4375838059031514,10,7,7
TRI_Tesla,set1_dQn_m,GPR,coverage,-1.6907318465765617,3.12216987144567,10,7,7
TRI_Tesla,set1_dQn_m,GPR,diversity_iterative,-3.596002550720928,4.221961718081169,10,7,7
TRI_Tesla,set1_dQn_m,GPR,diversity_oneshot,-1.8447910221583477,4.009624034143092,10,7,7
TRI_Tesla,set1_dQn_m,GPR,exploitation,-9.014094876290361,13.653255441654753,10,7,7
TRI_Tesla,set1_dQn_m,GPR,exploration,-2.3270407802020747,4.205788571539274,10,7,7
TRI_Tesla,set1_dQn_m,GPR,hybrid,-2.0045190126402703,3.9840998832985193,10,7,7
TRI_Tesla,set1_dQn_m,RF,coverage,-2.0531043095167356,3.7809640525682973,10,7,7
TRI_Tesla,set1_dQn_m,RF,diversity_iterative,-2.672211712814387,3.8639685094282306,10,7,7
TRI_Tesla,set1_dQn_m,RF,diversity_oneshot,-1.228044714936145,4.1262919109194085,10,7,7
TRI_Tesla,set1_dQn_m,RF,exploitation,-5.342349961942037,8.554018777200705,10,7,7
TRI_Tesla,set1_dQn_m,RF,exploration,-4.970462222863975,6.4634813334867705,10,7,7
TRI_Tesla,set1_dQn_m,RF,hybrid,-2.0236168690644702,4.078306296212845,10,7,7
TRI_Tesla,set2_early_soh,AE_ENet,coverage,-0.36336565091214007,6.599817371900906,10,7,7
TRI_Tesla,set2_early_soh,AE_ENet,diversity_iterative,-2.3533497040465425,9.693058133212684,10,7,7
TRI_Tesla,set2_early_soh,AE_ENet,diversity_oneshot,-1.3848003154209865,6.741787539632119,10,7,7
TRI_Tesla,set2_early_soh,AE_ENet,exploitation,1.6324684748295528,5.089814659429739,10,7,7
TRI_Tesla,set2_early_soh,AE_ENet,exploration,-2.4487174446116384,4.506867670701691,10,7,7
TRI_Tesla,set2_early_soh,AE_ENet,hybrid,-0.9329989527772373,5.6268028988588865,10,7,7
TRI_Tesla,set2_early_soh,GPR,coverage,3.08135154586678,10.860110399620892,10,7,7
TRI_Tesla,set2_early_soh,GPR,diversity_iterative,5.014400245224071,9.931699757396048,10,7,7
TRI_Tesla,set2_early_soh,GPR,diversity_oneshot,3.2755061972380894,10.189742964851355,10,7,7
TRI_Tesla,set2_early_soh,GPR,exploitation,0.37102821631883864,6.104183552583512,10,7,7
TRI_Tesla,set2_early_soh,GPR,exploration,2.458552500736575,10.565192558736767,10,7,7
TRI_Tesla,set2_early_soh,GPR,hybrid,3.834099800968312,10.473952156549649,10,7,7
TRI_Tesla,set2_early_soh,RF,coverage,-0.35741979773480176,6.708097979968844,10,7,7
TRI_Tesla,set2_early_soh,RF,diversity_iterative,0.6268336271929713,7.047233934718155,10,7,7
TRI_Tesla,set2_early_soh,RF,diversity_oneshot,-2.7509988690607123,6.88636802609871,10,7,7
TRI_Tesla,set2_early_soh,RF,exploitation,0.9926093048284216,6.177956426842741,10,7,7
TRI_Tesla,set2_early_soh,RF,exploration,0.8723263248427319,4.855241900011225,10,7,7
TRI_Tesla,set2_early_soh,RF,hybrid,1.1677914036334487,6.822114774833315,10,7,7
TRI_Tesla,set3_features,AE_ENet,coverage,1.3546545295566685,2.914307354349316,10,7,7
TRI_Tesla,set3_features,AE_ENet,diversity_iterative,-0.13682360310266822,3.871430888706027,10,7,7
TRI_Tesla,set3_features,AE_ENet,diversity_oneshot,0.3337679475305379,3.5569797896135484,10,7,7
TRI_Tesla,set3_features,AE_ENet,exploitation,0.9684663667503388,2.4831888697470283,10,7,7
TRI_Tesla,set3_features,AE_ENet,exploration,0.07461105637183803,3.111897056200851,10,7,7
TRI_Tesla,set3_features,AE_ENet,hybrid,0.833775353706829,3.1027747082626593,10,7,7
TRI_Tesla,set3_features,GPR,coverage,3.1588755854318227,2.32537778594852,10,7,7
TRI_Tesla,set3_features,GPR,diversity_iterative,1.594340695680728,3.161088946823406,10,7,7
TRI_Tesla,set3_features,GPR,diversity_oneshot,1.5349214124273414,3.9678167801352284,10,7,7
TRI_Tesla,set3_features,GPR,exploitation,-16.753315487753046,31.651397710112093,10,7,7
TRI_Tesla,set3_features,GPR,exploration,2.3889974815496826,3.0050731653523908,10,7,7
TRI_Tesla,set3_features,GPR,hybrid,3.122441184700349,2.5288348215959857,10,7,7
TRI_Tesla,set3_features,RF,coverage,-0.050140030037719184,4.043046004600098,10,7,7
TRI_Tesla,set3_features,RF,diversity_iterative,0.7726392393197379,5.851185589663908,10,7,7
TRI_Tesla,set3_features,RF,diversity_oneshot,0.04075311697586912,4.417917231069347,10,7,7
TRI_Tesla,set3_features,RF,exploitation,-5.534552146532249,6.071256702240789,10,7,7
TRI_Tesla,set3_features,RF,exploration,-3.2303065421647,5.112285129916375,10,7,7
TRI_Tesla,set3_features,RF,hybrid,-0.43524129093459296,3.104446858274412,10,7,7
TRI_Tesla,set4_features_metadata,AE_ENet,coverage,1.3776863241351924,2.7940863421786797,10,7,7
TRI_Tesla,set4_features_metadata,AE_ENet,diversity_iterative,-1.422839687716571,2.1988193853831435,10,7,7
TRI_Tesla,set4_features_metadata,AE_ENet,diversity_oneshot,0.9402116192378276,1.430214917692443,10,7,7
TRI_Tesla,set4_features_metadata,AE_ENet,exploitation,-3.528472063053166,3.796946302974423,10,7,7
TRI_Tesla,set4_features_metadata,AE_ENet,exploration,0.11947960835841331,3.543507963031492,10,7,7
TRI_Tesla,set4_features_metadata,AE_ENet,hybrid,2.709240803778057,1.9901861052423275,10,7,7
TRI_Tesla,set4_features_metadata,GPR,coverage,5.218803034508139,5.3183919383700315,10,7,7
TRI_Tesla,set4_features_metadata,GPR,diversity_iterative,0.22642884963482884,4.947359574765677,10,7,7
TRI_Tesla,set4_features_metadata,GPR,diversity_oneshot,4.9340329236525005,5.378363210962745,10,7,7
TRI_Tesla,set4_features_metadata,GPR,exploitation,-12.352129420503857,29.25221418263975,10,7,7
TRI_Tesla,set4_features_metadata,GPR,exploration,4.755410243591611,5.977837336060666,10,7,7
TRI_Tesla,set4_features_metadata,GPR,hybrid,6.048387865778013,5.402488782296421,10,7,7
TRI_Tesla,set4_features_metadata,RF,coverage,-1.0011132436698524,4.681750091561789,10,7,7
TRI_Tesla,set4_features_metadata,RF,diversity_iterative,-2.604664444116096,6.2135428281037415,10,7,7
TRI_Tesla,set4_features_metadata,RF,diversity_oneshot,0.25097083449563307,3.734389649776943,10,7,7
TRI_Tesla,set4_features_metadata,RF,exploitation,-0.4403884605109895,4.135607874254573,10,7,7
TRI_Tesla,set4_features_metadata,RF,exploration,-5.25824146060541,7.60263030117287,10,7,7
TRI_Tesla,set4_features_metadata,RF,hybrid,-0.7071338275189271,4.673801526928417,10,7,7
TRI_Tesla,set5_features_metadata_corr95,AE_ENet,coverage,0.5667699197994184,2.918216216511545,10,7,7
TRI_Tesla,set5_features_metadata_corr95,AE_ENet,diversity_iterative,-0.8964796250104564,2.205330991038245,10,7,7
TRI_Tesla,set5_features_metadata_corr95,AE_ENet,diversity_oneshot,1.4451167814483847,1.3300138915870898,10,7,7
TRI_Tesla,set5_features_metadata_corr95,AE_ENet,exploitation,-1.553062165098051,3.112918768248473,10,7,7
TRI_Tesla,set5_features_metadata_corr95,AE_ENet,exploration,-0.6787203310430325,4.045448110710546,10,7,7
TRI_Tesla,set5_features_metadata_corr95,AE_ENet,hybrid,1.613994514223717,2.8662552078181336,10,7,7
TRI_Tesla,set5_features_metadata_corr95,GPR,coverage,2.5388157728211915,3.620913089485579,10,7,7
TRI_Tesla,set5_features_metadata_corr95,GPR,diversity_iterative,-2.750061283369088,5.220782811903803,10,7,7
TRI_Tesla,set5_features_metadata_corr95,GPR,diversity_oneshot,3.437001976394863,4.0735345757787575,10,7,7
TRI_Tesla,set5_features_metadata_corr95,GPR,exploitation,-8.189977581481788,15.31857848782671,10,7,7
TRI_Tesla,set5_features_metadata_corr95,GPR,exploration,2.574615129247192,3.77771482808594,10,7,7
TRI_Tesla,set5_features_metadata_corr95,GPR,hybrid,4.17474758368465,3.78637044709449,10,7,7
TRI_Tesla,set5_features_metadata_corr95,RF,coverage,-1.1863624610075612,4.513074913067087,10,7,7
TRI_Tesla,set5_features_metadata_corr95,RF,diversity_iterative,-3.2719795289202525,5.767586200821256,10,7,7
TRI_Tesla,set5_features_metadata_corr95,RF,diversity_oneshot,-0.02217323913364382,4.399144698065098,10,7,7
TRI_Tesla,set5_features_metadata_corr95,RF,exploitation,-2.295519770113886,5.345179788412741,10,7,7
TRI_Tesla,set5_features_metadata_corr95,RF,exploration,-4.447303799267278,8.142611272981961,10,7,7
TRI_Tesla,set5_features_metadata_corr95,RF,hybrid,-0.6887764114100736,5.420881409340665,10,7,7
