dataset,acquisition,nfp_percent,pool_n,duration_unit,n_observations,n_trials,n_feature_model_combinations,required_full_life_tests_median,required_full_life_tests_q25,required_full_life_tests_q75,required_pool_fraction_pct_median,required_pool_fraction_pct_q25,required_pool_fraction_pct_q75,required_duration_median,required_duration_q25,required_duration_q75
MIT,random_selection,92,99,cycles,140,10,15,40.0,32.0,64.0,40.4040404040404,32.323232323232325,64.64646464646465,7758.0,5740.0,11762.75
MIT,random_selection,95,99,cycles,140,10,15,48.0,32.0,72.0,48.48484848484848,32.323232323232325,72.72727272727273,8187.5,5780.0,12430.5
MIT,random_selection,98,99,cycles,140,10,15,48.0,32.0,80.0,48.48484848484848,32.323232323232325,80.8080808080808,9417.0,6788.0,14316.0
MIT,diversity_oneshot,92,99,cycles,140,10,15,40.0,24.0,56.0,40.4040404040404,24.24242424242424,56.56565656565656,7383.5,4093.0,10274.25
MIT,diversity_oneshot,95,99,cycles,140,10,15,44.0,24.0,56.0,44.44444444444444,24.24242424242424,56.56565656565656,8290.0,4430.75,11629.0
MIT,diversity_oneshot,98,99,cycles,140,10,15,48.0,24.0,72.0,48.48484848484848,24.24242424242424,72.72727272727273,9202.0,4780.0,12445.0
MIT,diversity_iterative,92,99,cycles,140,10,15,40.0,24.0,66.0,40.4040404040404,24.24242424242424,66.66666666666667,8389.0,5550.75,13693.0
MIT,diversity_iterative,95,99,cycles,140,10,15,44.0,24.0,74.0,44.44444444444444,24.24242424242424,74.74747474747475,9276.5,5776.0,15080.0
MIT,diversity_iterative,98,99,cycles,140,10,15,56.0,32.0,82.0,56.56565656565656,32.323232323232325,82.82828282828282,10922.0,5849.0,16488.25
MIT,coverage,92,99,cycles,140,10,15,32.0,24.0,64.0,32.323232323232325,24.24242424242424,64.64646464646465,6317.0,4041.75,10494.0
MIT,coverage,95,99,cycles,140,10,15,40.0,24.0,64.0,40.4040404040404,24.24242424242424,64.64646464646465,7130.0,4325.0,11129.0
MIT,coverage,98,99,cycles,140,10,15,48.0,24.0,80.0,48.48484848484848,24.24242424242424,80.8080808080808,8630.5,4641.0,13200.0
MIT,exploration,92,99,cycles,140,10,15,40.0,24.0,72.0,40.4040404040404,24.24242424242424,72.72727272727273,6273.5,4139.75,12184.0
MIT,exploration,95,99,cycles,140,10,15,40.0,24.0,74.0,40.4040404040404,24.24242424242424,74.74747474747475,7488.5,4139.75,13056.0
MIT,exploration,98,99,cycles,140,10,15,52.0,24.0,88.0,52.52525252525252,24.24242424242424,88.88888888888889,9127.0,4641.0,14482.75
MIT,exploitation,92,99,cycles,140,10,15,48.0,32.0,66.0,48.48484848484848,32.323232323232325,66.66666666666667,8989.0,6135.75,12532.75
MIT,exploitation,95,99,cycles,140,10,15,48.0,32.0,80.0,48.48484848484848,32.323232323232325,80.8080808080808,9514.5,6178.75,13178.5
MIT,exploitation,98,99,cycles,140,10,15,56.0,32.0,88.0,56.56565656565656,32.323232323232325,88.88888888888889,9783.5,6278.25,13855.75
MIT,hybrid,92,99,cycles,140,10,15,32.0,24.0,48.0,32.323232323232325,24.24242424242424,48.48484848484848,5797.0,3897.25,9275.75
MIT,hybrid,95,99,cycles,140,10,15,36.0,24.0,56.0,36.36363636363636,24.24242424242424,56.56565656565656,6809.5,3933.0,10407.5
MIT,hybrid,98,99,cycles,140,10,15,44.0,24.0,64.0,44.44444444444444,24.24242424242424,64.64646464646465,8382.0,4839.0,11887.5
ISU_ILCC,random_selection,92,193,weeks,136,10,15,96.0,48.0,128.0,49.740932642487046,24.870466321243523,66.32124352331607,236.3255406746032,140.55651331018515,346.65636243386245
ISU_ILCC,random_selection,95,193,weeks,136,10,15,112.0,64.0,144.0,58.03108808290155,33.160621761658035,74.61139896373057,272.21614376653434,142.91074900793652,400.2389624669312
ISU_ILCC,random_selection,98,193,weeks,136,10,15,112.0,64.0,176.0,58.03108808290155,33.160621761658035,91.19170984455958,313.9580919312169,178.77925285218254,458.6588839285714
ISU_ILCC,diversity_oneshot,92,193,weeks,136,10,15,64.0,32.0,112.0,33.160621761658035,16.580310880829018,58.03108808290155,183.1480067791005,97.6294188161376,305.37641637731474
ISU_ILCC,diversity_oneshot,95,193,weeks,136,10,15,64.0,32.0,112.0,33.160621761658035,16.580310880829018,58.03108808290155,196.93630415013223,97.6294188161376,326.3291927083334
ISU_ILCC,diversity_oneshot,98,193,weeks,136,10,15,80.0,32.0,128.0,41.45077720207254,16.580310880829018,66.32124352331607,226.85871031746035,109.00685340195103,349.00791708002646
ISU_ILCC,diversity_iterative,92,193,weeks,136,10,15,88.0,48.0,160.0,45.59585492227979,24.870466321243523,82.90155440414507,246.0015881283069,137.27264963624333,433.0793217799272
ISU_ILCC,diversity_iterative,95,193,weeks,136,10,15,104.0,48.0,164.0,53.88601036269429,24.870466321243523,84.9740932642487,283.80594349371694,151.78781549685846,458.2574128844245
ISU_ILCC,diversity_iterative,98,193,weeks,136,10,15,112.0,48.0,192.0,58.03108808290155,24.870466321243523,99.48186528497408,326.7958407738096,155.24179491154098,493.6994122023809
ISU_ILCC,coverage,92,193,weeks,136,10,15,80.0,48.0,112.0,41.45077720207254,24.870466321243523,58.03108808290155,209.27676153273808,145.22817222635584,298.91302372685186
ISU_ILCC,coverage,95,193,weeks,136,10,15,80.0,48.0,128.0,41.45077720207254,24.870466321243523,66.32124352331607,230.869886739418,155.27132316468254,323.49795366236776
ISU_ILCC,coverage,98,193,weeks,136,10,15,96.0,64.0,128.0,49.740932642487046,33.160621761658035,66.32124352331607,262.5198648313492,166.027728587963,373.9676923156416
ISU_ILCC,exploration,92,193,weeks,136,10,15,80.0,64.0,128.0,41.45077720207254,33.160621761658035,66.32124352331607,235.4155133928572,155.5690910218254,329.2263414558532
ISU_ILCC,exploration,95,193,weeks,136,10,15,88.0,64.0,132.0,45.59585492227979,33.160621761658035,68.39378238341969,237.8124880125661,165.65510747354497,342.668000062004
ISU_ILCC,exploration,98,193,weeks,136,10,15,112.0,64.0,144.0,58.03108808290155,33.160621761658035,74.61139896373057,279.45977244543656,188.2614918154762,400.5547015542328
ISU_ILCC,exploitation,92,193,weeks,136,10,15,96.0,64.0,144.0,49.740932642487046,33.160621761658035,74.61139896373057,269.27724991732805,206.58434833829364,376.1020851934524
ISU_ILCC,exploitation,95,193,weeks,136,10,15,128.0,80.0,160.0,66.32124352331607,41.45077720207254,82.90155440414507,316.7173175016534,224.0949578373016,389.4937417328042
ISU_ILCC,exploitation,98,193,weeks,136,10,15,128.0,96.0,160.0,66.32124352331607,49.740932642487046,82.90155440414507,331.10956142526453,234.06237847222215,407.19930183531744
ISU_ILCC,hybrid,92,193,weeks,136,10,15,80.0,48.0,128.0,41.45077720207254,24.870466321243523,66.32124352331607,220.18882771164024,147.30198113012565,321.0382572751323
ISU_ILCC,hybrid,95,193,weeks,136,10,15,96.0,64.0,128.0,49.740932642487046,33.160621761658035,66.32124352331607,236.90391658399471,162.50328538359793,362.134630869709
ISU_ILCC,hybrid,98,193,weeks,136,10,15,112.0,64.0,144.0,58.03108808290155,33.160621761658035,74.61139896373057,258.1387615740741,179.28775586970897,391.9471211557541
LSD_Primary,random_selection,92,58,cycles,121,10,15,30.0,18.0,42.0,51.72413793103448,31.03448275862069,72.41379310344827,6045.0,3548.0,7813.0
LSD_Primary,random_selection,95,58,cycles,121,10,15,36.0,18.0,48.0,62.06896551724138,31.03448275862069,82.75862068965517,6568.0,3548.0,9123.0
LSD_Primary,random_selection,98,58,cycles,121,10,15,36.0,18.0,54.0,62.06896551724138,31.03448275862069,93.10344827586206,7101.0,3548.0,10534.0
LSD_Primary,diversity_oneshot,92,58,cycles,121,10,15,18.0,6.0,24.0,31.03448275862069,10.344827586206897,41.37931034482759,3489.0,1077.0,4695.0
LSD_Primary,diversity_oneshot,95,58,cycles,121,10,15,18.0,6.0,24.0,31.03448275862069,10.344827586206897,41.37931034482759,3489.0,1077.0,5090.0
LSD_Primary,diversity_oneshot,98,58,cycles,121,10,15,18.0,12.0,30.0,31.03448275862069,20.6896551724138,51.72413793103448,3817.0,2006.0,6308.0
LSD_Primary,diversity_iterative,92,58,cycles,121,10,15,18.0,6.0,30.0,31.03448275862069,10.344827586206897,51.72413793103448,3255.0,1077.0,6106.0
LSD_Primary,diversity_iterative,95,58,cycles,121,10,15,18.0,6.0,36.0,31.03448275862069,10.344827586206897,62.06896551724138,3375.0,1077.0,6686.0
LSD_Primary,diversity_iterative,98,58,cycles,121,10,15,24.0,12.0,36.0,41.37931034482759,20.6896551724138,62.06896551724138,4219.0,1787.0,7650.0
LSD_Primary,coverage,92,58,cycles,121,10,15,18.0,12.0,30.0,31.03448275862069,20.6896551724138,51.72413793103448,2827.0,1992.0,4866.0
LSD_Primary,coverage,95,58,cycles,121,10,15,18.0,12.0,30.0,31.03448275862069,20.6896551724138,51.72413793103448,3315.0,1996.0,5671.0
LSD_Primary,coverage,98,58,cycles,121,10,15,24.0,12.0,36.0,41.37931034482759,20.6896551724138,62.06896551724138,4041.0,2081.0,7057.0
LSD_Primary,exploration,92,58,cycles,121,10,15,24.0,12.0,30.0,41.37931034482759,20.6896551724138,51.72413793103448,3665.0,2123.0,5615.0
LSD_Primary,exploration,95,58,cycles,121,10,15,24.0,12.0,36.0,41.37931034482759,20.6896551724138,62.06896551724138,4190.0,2298.0,6517.0
LSD_Primary,exploration,98,58,cycles,121,10,15,24.0,12.0,36.0,41.37931034482759,20.6896551724138,62.06896551724138,4328.0,2370.0,6870.0
LSD_Primary,exploitation,92,58,cycles,121,10,15,36.0,24.0,48.0,62.06896551724138,41.37931034482759,82.75862068965517,6903.0,4387.0,8682.0
LSD_Primary,exploitation,95,58,cycles,121,10,15,42.0,30.0,48.0,72.41379310344827,51.72413793103448,82.75862068965517,7491.0,4666.0,8799.0
LSD_Primary,exploitation,98,58,cycles,121,10,15,42.0,30.0,54.0,72.41379310344827,51.72413793103448,93.10344827586206,7724.0,4694.0,9274.0
LSD_Primary,hybrid,92,58,cycles,121,10,15,18.0,12.0,24.0,31.03448275862069,20.6896551724138,41.37931034482759,3126.0,2141.0,4984.0
LSD_Primary,hybrid,95,58,cycles,121,10,15,18.0,12.0,30.0,31.03448275862069,20.6896551724138,51.72413793103448,3336.0,2232.0,5277.0
LSD_Primary,hybrid,98,58,cycles,121,10,15,24.0,12.0,36.0,41.37931034482759,20.6896551724138,62.06896551724138,3990.0,2232.0,6572.0
LSD_Second,random_selection,92,58,cycles,123,10,15,36.0,18.0,48.0,62.06896551724138,31.03448275862069,82.75862068965517,5341.0,3031.0,6730.0
LSD_Second,random_selection,95,58,cycles,123,10,15,36.0,18.0,54.0,62.06896551724138,31.03448275862069,93.10344827586206,5848.0,3069.0,6802.5
LSD_Second,random_selection,98,58,cycles,123,10,15,42.0,21.0,54.0,72.41379310344827,36.20689655172414,93.10344827586206,5848.0,3351.0,7230.0
LSD_Second,diversity_oneshot,92,58,cycles,123,10,15,24.0,12.0,42.0,41.37931034482759,20.6896551724138,72.41379310344827,3244.0,2019.0,6173.5
LSD_Second,diversity_oneshot,95,58,cycles,123,10,15,24.0,12.0,42.0,41.37931034482759,20.6896551724138,72.41379310344827,3560.0,2168.0,6366.0
LSD_Second,diversity_oneshot,98,58,cycles,123,10,15,30.0,12.0,48.0,51.72413793103448,20.6896551724138,82.75862068965517,3789.0,2251.5,6422.0
LSD_Second,diversity_iterative,92,58,cycles,123,10,15,30.0,12.0,48.0,51.72413793103448,20.6896551724138,82.75862068965517,3921.0,2052.0,6654.5
LSD_Second,diversity_iterative,95,58,cycles,123,10,15,36.0,12.0,51.0,62.06896551724138,20.6896551724138,87.93103448275862,3987.0,2052.0,6895.0
LSD_Second,diversity_iterative,98,58,cycles,123,10,15,36.0,12.0,54.0,62.06896551724138,20.6896551724138,93.10344827586206,4686.0,2052.0,7274.0
LSD_Second,coverage,92,58,cycles,123,10,15,30.0,18.0,45.0,51.72413793103448,31.03448275862069,77.58620689655172,4189.0,2897.0,5800.0
LSD_Second,coverage,95,58,cycles,123,10,15,30.0,24.0,48.0,51.72413793103448,41.37931034482759,82.75862068965517,4501.0,3026.0,6195.0
LSD_Second,coverage,98,58,cycles,123,10,15,36.0,24.0,54.0,62.06896551724138,41.37931034482759,93.10344827586206,4680.0,3247.0,6880.5
LSD_Second,exploration,92,58,cycles,123,10,15,36.0,24.0,48.0,62.06896551724138,41.37931034482759,82.75862068965517,4651.0,3214.0,6284.0
LSD_Second,exploration,95,58,cycles,123,10,15,36.0,24.0,51.0,62.06896551724138,41.37931034482759,87.93103448275862,4833.0,3445.5,6509.0
LSD_Second,exploration,98,58,cycles,123,10,15,42.0,30.0,54.0,72.41379310344827,51.72413793103448,93.10344827586206,5780.0,3671.0,6851.0
LSD_Second,exploitation,92,58,cycles,123,10,15,30.0,18.0,48.0,51.72413793103448,31.03448275862069,82.75862068965517,4826.0,3356.0,6271.5
LSD_Second,exploitation,95,58,cycles,123,10,15,36.0,18.0,54.0,62.06896551724138,31.03448275862069,93.10344827586206,5013.0,3356.0,6578.5
LSD_Second,exploitation,98,58,cycles,123,10,15,36.0,18.0,54.0,62.06896551724138,31.03448275862069,93.10344827586206,5598.0,3471.0,6868.0
LSD_Second,hybrid,92,58,cycles,123,10,15,30.0,18.0,42.0,51.72413793103448,31.03448275862069,72.41379310344827,4477.0,3005.0,6171.0
LSD_Second,hybrid,95,58,cycles,123,10,15,36.0,24.0,48.0,62.06896551724138,41.37931034482759,82.75862068965517,4855.0,3078.5,6871.5
LSD_Second,hybrid,98,58,cycles,123,10,15,36.0,24.0,54.0,62.06896551724138,41.37931034482759,93.10344827586206,5413.0,3424.5,7512.5
HUST,random_selection,92,62,cycles,146,10,15,30.0,18.0,48.0,48.38709677419355,29.03225806451613,77.41935483870968,12379.0,7196.0,18158.0
HUST,random_selection,95,62,cycles,146,10,15,36.0,18.0,48.0,58.06451612903226,29.03225806451613,77.41935483870968,13292.0,7255.25,19373.25
HUST,random_selection,98,62,cycles,146,10,15,42.0,24.0,54.0,67.74193548387096,38.70967741935484,87.09677419354838,15721.0,9321.25,22019.0
HUST,diversity_oneshot,92,62,cycles,146,10,15,24.0,12.0,48.0,38.70967741935484,19.35483870967742,77.41935483870968,9898.0,5158.0,18980.5
HUST,diversity_oneshot,95,62,cycles,146,10,15,24.0,12.0,48.0,38.70967741935484,19.35483870967742,77.41935483870968,10271.0,5221.0,19419.5
HUST,diversity_oneshot,98,62,cycles,146,10,15,30.0,18.0,54.0,48.38709677419355,29.03225806451613,87.09677419354838,12365.0,6914.25,21723.5
HUST,diversity_iterative,92,62,cycles,146,10,15,36.0,18.0,60.0,58.06451612903226,29.03225806451613,96.7741935483871,14410.5,7434.0,23550.75
HUST,diversity_iterative,95,62,cycles,146,10,15,42.0,18.0,60.0,67.74193548387096,29.03225806451613,96.7741935483871,17484.0,7830.5,24001.75
HUST,diversity_iterative,98,62,cycles,146,10,15,48.0,24.0,60.0,77.41935483870968,38.70967741935484,96.7741935483871,19393.5,9768.25,24219.5
HUST,coverage,92,62,cycles,146,10,15,30.0,18.0,54.0,48.38709677419355,29.03225806451613,87.09677419354838,12822.0,7453.5,21142.25
HUST,coverage,95,62,cycles,146,10,15,36.0,18.0,54.0,58.06451612903226,29.03225806451613,87.09677419354838,14021.0,7508.0,21745.5
HUST,coverage,98,62,cycles,146,10,15,42.0,18.0,60.0,67.74193548387096,29.03225806451613,96.7741935483871,16670.5,7779.5,23728.25
HUST,exploration,92,62,cycles,146,10,15,30.0,19.5,48.0,48.38709677419355,31.451612903225808,77.41935483870968,12304.0,8123.5,19458.5
HUST,exploration,95,62,cycles,146,10,15,36.0,24.0,54.0,58.06451612903226,38.70967741935484,87.09677419354838,13904.0,9197.0,20727.25
HUST,exploration,98,62,cycles,146,10,15,42.0,24.0,54.0,67.74193548387096,38.70967741935484,87.09677419354838,16651.0,9414.5,22258.25
HUST,exploitation,92,62,cycles,146,10,15,36.0,19.5,54.0,58.06451612903226,31.451612903225808,87.09677419354838,14624.0,8316.75,21274.5
HUST,exploitation,95,62,cycles,146,10,15,42.0,24.0,60.0,67.74193548387096,38.70967741935484,96.7741935483871,16301.0,9225.25,22813.0
HUST,exploitation,98,62,cycles,146,10,15,48.0,24.0,60.0,77.41935483870968,38.70967741935484,96.7741935483871,18780.5,9330.25,23670.25
HUST,hybrid,92,62,cycles,146,10,15,30.0,18.0,48.0,48.38709677419355,29.03225806451613,77.41935483870968,12283.5,7606.25,18899.0
HUST,hybrid,95,62,cycles,146,10,15,33.0,24.0,48.0,53.22580645161291,38.70967741935484,77.41935483870968,13320.0,9159.75,19630.25
HUST,hybrid,98,62,cycles,146,10,15,42.0,24.0,54.0,67.74193548387096,38.70967741935484,87.09677419354838,17079.0,10153.0,22221.25
KIT,random_selection,92,66,EFC,107,10,15,30.0,18.0,48.0,45.45454545454545,27.27272727272727,72.72727272727273,9171.78012084168,5454.680113905095,14977.899355643896
KIT,random_selection,95,66,EFC,107,10,15,30.0,18.0,54.0,45.45454545454545,27.27272727272727,81.81818181818183,9354.1516394828,5515.405806121683,16509.43519642854
KIT,random_selection,98,66,EFC,107,10,15,30.0,18.0,54.0,45.45454545454545,27.27272727272727,81.81818181818183,10038.002906657208,5515.405806121683,18079.21230233657
KIT,diversity_oneshot,92,66,EFC,107,10,15,24.0,12.0,45.0,36.36363636363637,18.181818181818183,68.18181818181819,6428.978213475092,3239.606751323874,13180.561468252265
KIT,diversity_oneshot,95,66,EFC,107,10,15,24.0,12.0,45.0,36.36363636363637,18.181818181818183,68.18181818181819,7319.721630180009,3405.821736265573,13180.561468252265
KIT,diversity_oneshot,98,66,EFC,107,10,15,24.0,12.0,48.0,36.36363636363637,18.181818181818183,72.72727272727273,7319.721630180009,3615.911829165632,13599.782883608956
KIT,diversity_iterative,92,66,EFC,107,10,15,24.0,12.0,48.0,36.36363636363637,18.181818181818183,72.72727272727273,7382.740726933673,3912.73627797142,13704.142937874074
KIT,diversity_iterative,95,66,EFC,107,10,15,30.0,12.0,54.0,45.45454545454545,18.181818181818183,81.81818181818183,8427.200431730249,3976.008553158027,15708.642315976856
KIT,diversity_iterative,98,66,EFC,107,10,15,30.0,12.0,54.0,45.45454545454545,18.181818181818183,81.81818181818183,8573.580877286246,4517.897596861303,16145.127400362484
KIT,coverage,92,66,EFC,107,10,15,30.0,18.0,48.0,45.45454545454545,27.27272727272727,72.72727272727273,7500.817394101567,3880.375460333394,13240.6412265472
KIT,coverage,95,66,EFC,107,10,15,36.0,18.0,60.0,54.54545454545454,27.27272727272727,90.9090909090909,8847.627646066088,4080.681570037341,15597.894572115243
KIT,coverage,98,66,EFC,107,10,15,36.0,18.0,60.0,54.54545454545454,27.27272727272727,90.9090909090909,10086.010460926733,4450.464889310171,15823.410773135638
KIT,exploration,92,66,EFC,107,10,15,30.0,18.0,54.0,45.45454545454545,27.27272727272727,81.81818181818183,7589.438630347521,4780.317646448136,14689.968191854929
KIT,exploration,95,66,EFC,107,10,15,30.0,18.0,54.0,45.45454545454545,27.27272727272727,81.81818181818183,7822.230971254054,4781.444706324977,15234.09021753407
KIT,exploration,98,66,EFC,107,10,15,30.0,18.0,60.0,45.45454545454545,27.27272727272727,90.9090909090909,8765.293691504237,4841.517160959702,15920.06575444982
KIT,exploitation,92,66,EFC,107,10,15,30.0,18.0,48.0,45.45454545454545,27.27272727272727,72.72727272727273,9720.24723658077,5292.605970659204,13941.726481803857
KIT,exploitation,95,66,EFC,107,10,15,36.0,21.0,48.0,54.54545454545454,31.81818181818182,72.72727272727273,10278.073764109173,5457.757836280391,14120.854562714778
KIT,exploitation,98,66,EFC,107,10,15,36.0,24.0,54.0,54.54545454545454,36.36363636363637,81.81818181818183,11368.372929286494,5811.159279939661,14452.33738533726
KIT,hybrid,92,66,EFC,107,10,15,30.0,15.0,54.0,45.45454545454545,22.727272727272727,81.81818181818183,8558.076243205142,3696.3356342391753,16029.35904199515
KIT,hybrid,95,66,EFC,107,10,15,36.0,18.0,60.0,54.54545454545454,27.27272727272727,90.9090909090909,9158.709893647909,4007.202287360488,16206.182139218105
KIT,hybrid,98,66,EFC,107,10,15,36.0,18.0,60.0,54.54545454545454,27.27272727272727,90.9090909090909,10093.384622853791,4360.992317335,17139.443841309407
Formation,random_selection,92,146,cycles,136,10,15,60.0,36.0,111.0,41.0958904109589,24.65753424657534,76.02739726027397,5899.0,3440.0,10804.25
Formation,random_selection,95,146,cycles,136,10,15,72.0,48.0,120.0,49.31506849315068,32.87671232876712,82.1917808219178,6721.0,4262.0,11272.0
Formation,random_selection,98,146,cycles,136,10,15,84.0,48.0,132.0,57.53424657534247,32.87671232876712,90.41095890410958,7958.0,4325.0,12315.25
Formation,diversity_oneshot,92,146,cycles,136,10,15,48.0,36.0,72.0,32.87671232876712,24.65753424657534,49.31506849315068,4645.0,3362.0,6807.5
Formation,diversity_oneshot,95,146,cycles,136,10,15,54.0,36.0,87.0,36.98630136986301,24.65753424657534,59.589041095890416,5101.5,3455.5,8096.5
Formation,diversity_oneshot,98,146,cycles,136,10,15,60.0,36.0,96.0,41.0958904109589,24.65753424657534,65.75342465753424,5687.0,3510.25,9061.25
Formation,diversity_iterative,92,146,cycles,136,10,15,72.0,36.0,111.0,49.31506849315068,24.65753424657534,76.02739726027397,6748.0,3591.5,10305.75
Formation,diversity_iterative,95,146,cycles,136,10,15,84.0,48.0,120.0,57.53424657534247,32.87671232876712,82.1917808219178,7622.0,4468.5,11114.0
Formation,diversity_iterative,98,146,cycles,136,10,15,96.0,48.0,132.0,65.75342465753424,32.87671232876712,90.41095890410958,8763.0,4728.75,11939.25
Formation,coverage,92,146,cycles,136,10,15,72.0,48.0,108.0,49.31506849315068,32.87671232876712,73.97260273972603,6944.5,4722.75,10126.5
Formation,coverage,95,146,cycles,136,10,15,84.0,57.0,120.0,57.53424657534247,39.04109589041096,82.1917808219178,7594.0,5045.25,10757.5
Formation,coverage,98,146,cycles,136,10,15,84.0,60.0,132.0,57.53424657534247,41.0958904109589,90.41095890410958,7715.0,5696.0,11738.75
Formation,exploration,92,146,cycles,136,10,15,60.0,36.0,108.0,41.0958904109589,24.65753424657534,73.97260273972603,5827.0,3587.5,9750.5
Formation,exploration,95,146,cycles,136,10,15,72.0,48.0,108.0,49.31506849315068,32.87671232876712,73.97260273972603,6401.5,4275.75,10116.0
Formation,exploration,98,146,cycles,136,10,15,84.0,48.0,132.0,57.53424657534247,32.87671232876712,90.41095890410958,7603.0,4309.75,11925.0
Formation,exploitation,92,146,cycles,136,10,15,72.0,48.0,108.0,49.31506849315068,32.87671232876712,73.97260273972603,5910.5,3999.75,9898.25
Formation,exploitation,95,146,cycles,136,10,15,72.0,48.0,120.0,49.31506849315068,32.87671232876712,82.1917808219178,6502.5,4150.0,10947.75
Formation,exploitation,98,146,cycles,136,10,15,72.0,48.0,132.0,49.31506849315068,32.87671232876712,90.41095890410958,6859.0,4282.0,11716.0
Formation,hybrid,92,146,cycles,136,10,15,72.0,36.0,108.0,49.31506849315068,24.65753424657534,73.97260273972603,6597.0,3610.0,10199.25
Formation,hybrid,95,146,cycles,136,10,15,72.0,48.0,120.0,49.31506849315068,32.87671232876712,82.1917808219178,6886.5,4227.0,11291.5
Formation,hybrid,98,146,cycles,136,10,15,84.0,48.0,132.0,57.53424657534247,32.87671232876712,90.41095890410958,7735.5,4227.0,12268.0
TRI_Tesla,random_selection,92,107,EFC,139,10,15,48.0,32.0,80.0,44.85981308411215,29.906542056074763,74.76635514018692,3945.6665324021633,2446.4546219396734,6650.715952122883
TRI_Tesla,random_selection,95,107,EFC,139,10,15,56.0,32.0,88.0,52.33644859813084,29.906542056074763,82.2429906542056,4817.731471480009,2485.477462371339,6832.41710568661
TRI_Tesla,random_selection,98,107,EFC,139,10,15,72.0,40.0,96.0,67.28971962616822,37.38317757009346,89.7196261682243,5472.234572271377,2870.06588979054,7784.974051128031
TRI_Tesla,diversity_oneshot,92,107,EFC,139,10,15,48.0,24.0,72.0,44.85981308411215,22.42990654205608,67.28971962616822,3799.904562593317,2045.7177967611829,5878.062913974505
TRI_Tesla,diversity_oneshot,95,107,EFC,139,10,15,48.0,24.0,80.0,44.85981308411215,22.42990654205608,74.76635514018692,3822.533370484117,2104.236298839682,6162.489642541534
TRI_Tesla,diversity_oneshot,98,107,EFC,139,10,15,56.0,32.0,80.0,52.33644859813084,29.906542056074763,74.76635514018692,4453.026700053511,2382.9034355365748,6554.530768325088
TRI_Tesla,diversity_iterative,92,107,EFC,139,10,15,64.0,32.0,92.0,59.813084112149525,29.906542056074763,85.98130841121494,5767.148769356435,2843.1770722289684,7794.548938976748
TRI_Tesla,diversity_iterative,95,107,EFC,139,10,15,72.0,36.0,96.0,67.28971962616822,33.64485981308411,89.7196261682243,6353.701018803717,3217.4431422641564,8404.053208714937
TRI_Tesla,diversity_iterative,98,107,EFC,139,10,15,80.0,44.0,104.0,74.76635514018692,41.12149532710281,97.196261682243,7100.444219542376,3786.813697506212,8826.043394703755
TRI_Tesla,coverage,92,107,EFC,139,10,15,48.0,24.0,76.0,44.85981308411215,22.42990654205608,71.02803738317758,3335.669301834394,1966.4472616817316,5615.069646029522
TRI_Tesla,coverage,95,107,EFC,139,10,15,48.0,32.0,80.0,44.85981308411215,29.906542056074763,74.76635514018692,3930.906532470901,2089.93752838518,5993.294726856891
TRI_Tesla,coverage,98,107,EFC,139,10,15,56.0,32.0,88.0,52.33644859813084,29.906542056074763,82.2429906542056,4075.874401638483,2388.168976388756,6767.573689503335
TRI_Tesla,exploration,92,107,EFC,139,10,15,64.0,32.0,88.0,59.813084112149525,29.906542056074763,82.2429906542056,4416.245994114916,2349.501900130238,6352.380292684287
TRI_Tesla,exploration,95,107,EFC,139,10,15,80.0,32.0,96.0,74.76635514018692,29.906542056074763,89.7196261682243,5206.507726333101,2463.737062590696,7117.020929411274
TRI_Tesla,exploration,98,107,EFC,139,10,15,80.0,40.0,100.0,74.76635514018692,37.38317757009346,93.45794392523364,5468.772835092666,2631.171668376041,7411.660852300455
TRI_Tesla,exploitation,92,107,EFC,139,10,15,64.0,40.0,80.0,59.813084112149525,37.38317757009346,74.76635514018692,4624.14344345846,3173.6225104232067,5700.3330474198265
TRI_Tesla,exploitation,95,107,EFC,139,10,15,64.0,40.0,88.0,59.813084112149525,37.38317757009346,82.2429906542056,4914.450117108414,3268.45101543402,6260.750722728376
TRI_Tesla,exploitation,98,107,EFC,139,10,15,72.0,44.0,96.0,67.28971962616822,41.12149532710281,89.7196261682243,5075.056537280285,3490.7501938461774,6500.06133558847
TRI_Tesla,hybrid,92,107,EFC,139,10,15,40.0,24.0,76.0,37.38317757009346,22.42990654205608,71.02803738317758,3457.276282065907,1846.5859311698591,6259.209830706815
TRI_Tesla,hybrid,95,107,EFC,139,10,15,48.0,24.0,80.0,44.85981308411215,22.42990654205608,74.76635514018692,3945.8725812962334,1974.097537162147,6542.37682281072
TRI_Tesla,hybrid,98,107,EFC,139,10,15,64.0,32.0,88.0,59.813084112149525,29.906542056074763,82.2429906542056,4831.347141309215,2274.5974184772035,7022.412736078865
