dataset,feature_set,model,attainable_gain_pp,n_trials
Formation,set1_dQn_m,AE_ENet,6.996903502267388,10
Formation,set1_dQn_m,GPR,7.600067345308673,10
Formation,set1_dQn_m,RF,4.082151439954275,10
Formation,set2_early_soh,AE_ENet,2.1485022529391906,10
Formation,set2_early_soh,GPR,2.8364880872693115,10
Formation,set2_early_soh,RF,2.3454978795964645,10
Formation,set3_features,AE_ENet,7.081737852372487,10
Formation,set3_features,GPR,5.863528081323878,10
Formation,set3_features,RF,4.7239918466137025,10
Formation,set4_features_metadata,AE_ENet,5.004280845990233,10
Formation,set4_features_metadata,GPR,6.821592586630071,10
Formation,set4_features_metadata,RF,5.173496493949936,10
Formation,set5_features_metadata_corr95,AE_ENet,5.341381770075634,10
Formation,set5_features_metadata_corr95,GPR,7.105315204559238,10
Formation,set5_features_metadata_corr95,RF,5.356385779949372,10
HUST,set1_dQn_m,AE_ENet,11.567112324037033,10
HUST,set1_dQn_m,GPR,8.008546815091787,10
HUST,set1_dQn_m,RF,8.615624121772074,10
HUST,set2_early_soh,AE_ENet,10.366237300243961,10
HUST,set2_early_soh,GPR,5.0893780840184855,10
HUST,set2_early_soh,RF,2.9269059564592594,10
HUST,set3_features,AE_ENet,10.66901920676626,10
HUST,set3_features,GPR,6.447430405716405,10
HUST,set3_features,RF,6.747906401698512,10
HUST,set4_features_metadata,AE_ENet,15.838159498634448,10
HUST,set4_features_metadata,GPR,8.082862975147707,10
HUST,set4_features_metadata,RF,7.118801413150403,10
HUST,set5_features_metadata_corr95,AE_ENet,15.750230401527853,10
HUST,set5_features_metadata_corr95,GPR,7.772367257454259,10
HUST,set5_features_metadata_corr95,RF,6.430347148724536,10
ISU_ILCC,set1_dQn_m,AE_ENet,13.5591468789119,10
ISU_ILCC,set1_dQn_m,GPR,21.21745471343021,10
ISU_ILCC,set1_dQn_m,RF,18.39077177114103,10
ISU_ILCC,set2_early_soh,AE_ENet,9.455930702673754,10
ISU_ILCC,set2_early_soh,GPR,16.26997361966199,10
ISU_ILCC,set2_early_soh,RF,9.989132450399483,10
ISU_ILCC,set3_features,AE_ENet,9.605499141135368,10
ISU_ILCC,set3_features,GPR,15.943727639156842,10
ISU_ILCC,set3_features,RF,11.575674058986593,10
ISU_ILCC,set4_features_metadata,AE_ENet,16.902659064459545,10
ISU_ILCC,set4_features_metadata,GPR,13.84081738757819,10
ISU_ILCC,set4_features_metadata,RF,12.38479750792346,10
ISU_ILCC,set5_features_metadata_corr95,AE_ENet,16.902659064459545,10
ISU_ILCC,set5_features_metadata_corr95,GPR,13.84081738757819,10
ISU_ILCC,set5_features_metadata_corr95,RF,12.38479750792346,10
KIT,set1_dQn_m,AE_ENet,17.161024267765885,10
KIT,set1_dQn_m,GPR,7.0073699815948105,10
KIT,set1_dQn_m,RF,10.959119475731546,10
KIT,set2_early_soh,AE_ENet,4.698009588841387,10
KIT,set2_early_soh,GPR,-2.1983765198106533,10
KIT,set2_early_soh,RF,-7.243535136261626,10
KIT,set3_features,AE_ENet,13.389181874185274,10
KIT,set3_features,GPR,13.065031484076467,10
KIT,set3_features,RF,10.002705235954641,10
KIT,set4_features_metadata,AE_ENet,12.17106855562216,10
KIT,set4_features_metadata,GPR,3.4302909878970573,10
KIT,set4_features_metadata,RF,10.57764129777338,10
KIT,set5_features_metadata_corr95,AE_ENet,5.848839838698208,10
KIT,set5_features_metadata_corr95,GPR,5.87014608297366,10
KIT,set5_features_metadata_corr95,RF,5.856409508892106,10
LSD_Primary,set1_dQn_m,AE_ENet,21.72814033539629,10
LSD_Primary,set1_dQn_m,GPR,59.372350701992175,10
LSD_Primary,set1_dQn_m,RF,58.043644113193054,10
LSD_Primary,set2_early_soh,AE_ENet,27.244580077206628,10
LSD_Primary,set2_early_soh,GPR,54.90635883076526,10
LSD_Primary,set2_early_soh,RF,55.26908943518822,10
LSD_Primary,set3_features,AE_ENet,61.84522057739205,10
LSD_Primary,set3_features,GPR,44.03137947546742,10
LSD_Primary,set3_features,RF,58.11450602472759,10
LSD_Primary,set4_features_metadata,AE_ENet,84.72896708400796,10
LSD_Primary,set4_features_metadata,GPR,29.542406985572967,10
LSD_Primary,set4_features_metadata,RF,59.01283249734119,10
LSD_Primary,set5_features_metadata_corr95,AE_ENet,90.73482779195669,10
LSD_Primary,set5_features_metadata_corr95,GPR,27.27205230678324,10
LSD_Primary,set5_features_metadata_corr95,RF,63.45517234228436,10
LSD_Second,set1_dQn_m,AE_ENet,16.30555117025287,10
LSD_Second,set1_dQn_m,GPR,15.267728457629442,10
LSD_Second,set1_dQn_m,RF,23.56955812239549,10
LSD_Second,set2_early_soh,AE_ENet,17.51792040190126,10
LSD_Second,set2_early_soh,GPR,5.554133108545041,10
LSD_Second,set2_early_soh,RF,-6.299728621160237,10
LSD_Second,set3_features,AE_ENet,16.95443633044201,10
LSD_Second,set3_features,GPR,17.329420932031518,10
LSD_Second,set3_features,RF,22.357654488217527,10
LSD_Second,set4_features_metadata,AE_ENet,6.3960969236278995,10
LSD_Second,set4_features_metadata,GPR,15.321017171642186,10
LSD_Second,set4_features_metadata,RF,22.62985224303534,10
LSD_Second,set5_features_metadata_corr95,AE_ENet,6.320644249317801,10
LSD_Second,set5_features_metadata_corr95,GPR,14.869424732657091,10
LSD_Second,set5_features_metadata_corr95,RF,22.747725130300424,10
MIT,set1_dQn_m,AE_ENet,8.095769254258164,10
MIT,set1_dQn_m,GPR,11.109358248688107,10
MIT,set1_dQn_m,RF,7.741561298125406,10
MIT,set2_early_soh,AE_ENet,3.8606580041130103,10
MIT,set2_early_soh,GPR,11.227979814259182,10
MIT,set2_early_soh,RF,11.322717319289557,10
MIT,set3_features,AE_ENet,8.534054636629232,10
MIT,set3_features,GPR,5.121651610554488,10
MIT,set3_features,RF,6.802639458976287,10
MIT,set4_features_metadata,AE_ENet,9.163283865717764,10
MIT,set4_features_metadata,GPR,8.138732571029507,10
MIT,set4_features_metadata,RF,8.169295098159248,10
MIT,set5_features_metadata_corr95,AE_ENet,8.695573425511363,10
MIT,set5_features_metadata_corr95,GPR,9.267741144682745,10
MIT,set5_features_metadata_corr95,RF,9.63801111011319,10
TRI_Tesla,set1_dQn_m,AE_ENet,7.290897710454251,10
TRI_Tesla,set1_dQn_m,GPR,14.492571680113272,10
TRI_Tesla,set1_dQn_m,RF,19.794561482997835,10
TRI_Tesla,set2_early_soh,AE_ENet,-1.564797187264412,10
TRI_Tesla,set2_early_soh,GPR,31.549992584685658,10
TRI_Tesla,set2_early_soh,RF,27.229453802354033,10
TRI_Tesla,set3_features,AE_ENet,7.8572759840981545,10
TRI_Tesla,set3_features,GPR,21.50882903319272,10
TRI_Tesla,set3_features,RF,21.80313872973087,10
TRI_Tesla,set4_features_metadata,AE_ENet,13.904727461792353,10
TRI_Tesla,set4_features_metadata,GPR,20.777925033864197,10
TRI_Tesla,set4_features_metadata,RF,22.723809693053703,10
TRI_Tesla,set5_features_metadata_corr95,AE_ENet,14.433458025523757,10
TRI_Tesla,set5_features_metadata_corr95,GPR,21.088863654799372,10
TRI_Tesla,set5_features_metadata_corr95,RF,22.404914465300948,10
