dataset,feature_set,model,full_pool_mape,n_trials,model_family
Formation,set1_dQn_m,AE_ENet,11.037039784791869,10,Primary ML
Formation,set1_dQn_m,GPR,11.515682914609474,10,Primary ML
Formation,set1_dQn_m,RF,12.710883590997925,10,Primary ML
Formation,set2_early_soh,AE_ENet,18.092596450318034,10,Primary ML
Formation,set2_early_soh,GPR,17.779129519476403,10,Primary ML
Formation,set2_early_soh,RF,18.81997792468222,10,Primary ML
Formation,set3_features,AE_ENet,10.11368111135415,10,Primary ML
Formation,set3_features,GPR,10.461216258966992,10,Primary ML
Formation,set3_features,RF,11.00921709286869,10,Primary ML
Formation,set4_features_metadata,AE_ENet,10.200991848569393,10,Primary ML
Formation,set4_features_metadata,GPR,10.67304741481944,10,Primary ML
Formation,set4_features_metadata,RF,11.085843271960808,10,Primary ML
Formation,set5_features_metadata_corr95,AE_ENet,10.225403436099693,10,Primary ML
Formation,set5_features_metadata_corr95,GPR,10.649610471393625,10,Primary ML
Formation,set5_features_metadata_corr95,RF,11.05422444894442,10,Primary ML
HUST,set1_dQn_m,AE_ENet,13.49414426690991,10,Primary ML
HUST,set1_dQn_m,GPR,12.151167011492507,10,Primary ML
HUST,set1_dQn_m,RF,12.034498554495794,10,Primary ML
HUST,set2_early_soh,AE_ENet,20.37205212347421,10,Primary ML
HUST,set2_early_soh,GPR,16.06040987145275,10,Primary ML
HUST,set2_early_soh,RF,18.879868794588145,10,Primary ML
HUST,set3_features,AE_ENet,10.175843590644003,10,Primary ML
HUST,set3_features,GPR,12.16093866285502,10,Primary ML
HUST,set3_features,RF,13.197311298310018,10,Primary ML
HUST,set4_features_metadata,AE_ENet,8.498162189229749,10,Primary ML
HUST,set4_features_metadata,GPR,10.717004912455199,10,Primary ML
HUST,set4_features_metadata,RF,12.84180823117669,10,Primary ML
HUST,set5_features_metadata_corr95,AE_ENet,8.636688019699571,10,Primary ML
HUST,set5_features_metadata_corr95,GPR,10.837841064955311,10,Primary ML
HUST,set5_features_metadata_corr95,RF,13.63961124236086,10,Primary ML
ISU_ILCC,set1_dQn_m,AE_ENet,21.50491841756928,10,Primary ML
ISU_ILCC,set1_dQn_m,GPR,20.288831970606324,10,Primary ML
ISU_ILCC,set1_dQn_m,RF,26.869496332566094,10,Primary ML
ISU_ILCC,set2_early_soh,AE_ENet,32.0215926082154,10,Primary ML
ISU_ILCC,set2_early_soh,GPR,32.763972090503515,10,Primary ML
ISU_ILCC,set2_early_soh,RF,36.961032649449365,10,Primary ML
ISU_ILCC,set3_features,AE_ENet,22.34483832725342,10,Primary ML
ISU_ILCC,set3_features,GPR,22.356385362728975,10,Primary ML
ISU_ILCC,set3_features,RF,26.87047586071763,10,Primary ML
ISU_ILCC,set4_features_metadata,AE_ENet,17.83199498867223,10,Primary ML
ISU_ILCC,set4_features_metadata,GPR,19.589901056064672,10,Primary ML
ISU_ILCC,set4_features_metadata,RF,22.828756423747723,10,Primary ML
ISU_ILCC,set5_features_metadata_corr95,AE_ENet,17.83199498867223,10,Primary ML
ISU_ILCC,set5_features_metadata_corr95,GPR,19.589901056064672,10,Primary ML
ISU_ILCC,set5_features_metadata_corr95,RF,22.828756423747723,10,Primary ML
KIT,set1_dQn_m,AE_ENet,21.67678614171496,10,Primary ML
KIT,set1_dQn_m,GPR,27.588297817784657,10,Primary ML
KIT,set1_dQn_m,RF,22.687377074142375,10,Primary ML
KIT,set2_early_soh,AE_ENet,29.390241380660246,10,Primary ML
KIT,set2_early_soh,GPR,34.03231794187376,10,Primary ML
KIT,set2_early_soh,RF,38.339693738293526,10,Primary ML
KIT,set3_features,AE_ENet,19.18059449044498,10,Primary ML
KIT,set3_features,GPR,18.045201324213064,10,Primary ML
KIT,set3_features,RF,21.76711849491134,10,Primary ML
KIT,set4_features_metadata,AE_ENet,23.11066273904931,10,Primary ML
KIT,set4_features_metadata,GPR,25.058128012254546,10,Primary ML
KIT,set4_features_metadata,RF,21.903563079666828,10,Primary ML
KIT,set5_features_metadata_corr95,AE_ENet,28.895788580829127,10,Primary ML
KIT,set5_features_metadata_corr95,GPR,25.46494943913246,10,Primary ML
KIT,set5_features_metadata_corr95,RF,26.485410444620538,10,Primary ML
LSD_Primary,set1_dQn_m,AE_ENet,36.780255605084086,10,Primary ML
LSD_Primary,set1_dQn_m,GPR,30.10849525896261,10,Primary ML
LSD_Primary,set1_dQn_m,RF,23.871102556803056,10,Primary ML
LSD_Primary,set2_early_soh,AE_ENet,37.02217367019347,10,Primary ML
LSD_Primary,set2_early_soh,GPR,39.58763302775459,10,Primary ML
LSD_Primary,set2_early_soh,RF,45.61333451872399,10,Primary ML
LSD_Primary,set3_features,AE_ENet,58.852852418890805,10,Primary ML
LSD_Primary,set3_features,GPR,41.38780332701863,10,Primary ML
LSD_Primary,set3_features,RF,25.480484598073264,10,Primary ML
LSD_Primary,set4_features_metadata,AE_ENet,34.730151748547584,10,Primary ML
LSD_Primary,set4_features_metadata,GPR,63.94154905456675,10,Primary ML
LSD_Primary,set4_features_metadata,RF,25.925073310683594,10,Primary ML
LSD_Primary,set5_features_metadata_corr95,AE_ENet,30.208663684026874,10,Primary ML
LSD_Primary,set5_features_metadata_corr95,GPR,67.63374227045232,10,Primary ML
LSD_Primary,set5_features_metadata_corr95,RF,25.385074598505806,10,Primary ML
LSD_Second,set1_dQn_m,AE_ENet,22.809763561123656,10,Primary ML
LSD_Second,set1_dQn_m,GPR,16.94247688540025,10,Primary ML
LSD_Second,set1_dQn_m,RF,21.77252820331139,10,Primary ML
LSD_Second,set2_early_soh,AE_ENet,33.43547737172544,10,Primary ML
LSD_Second,set2_early_soh,GPR,34.62934046664158,10,Primary ML
LSD_Second,set2_early_soh,RF,50.24444618214355,10,Primary ML
LSD_Second,set3_features,AE_ENet,20.593125164853284,10,Primary ML
LSD_Second,set3_features,GPR,17.386125205737187,10,Primary ML
LSD_Second,set3_features,RF,27.038155207314183,10,Primary ML
LSD_Second,set4_features_metadata,AE_ENet,21.528925451647325,10,Primary ML
LSD_Second,set4_features_metadata,GPR,18.299936138788595,10,Primary ML
LSD_Second,set4_features_metadata,RF,26.602630615876876,10,Primary ML
LSD_Second,set5_features_metadata_corr95,AE_ENet,21.6881292886972,10,Primary ML
LSD_Second,set5_features_metadata_corr95,GPR,18.001787286838212,10,Primary ML
LSD_Second,set5_features_metadata_corr95,RF,26.827755607198412,10,Primary ML
MIT,set1_dQn_m,AE_ENet,16.886159879520577,10,Primary ML
MIT,set1_dQn_m,GPR,10.034042193790876,10,Primary ML
MIT,set1_dQn_m,RF,14.533956149084522,10,Primary ML
MIT,set2_early_soh,AE_ENet,16.620261301031352,10,Primary ML
MIT,set2_early_soh,GPR,18.58812605904599,10,Primary ML
MIT,set2_early_soh,RF,19.29506184668483,10,Primary ML
MIT,set3_features,AE_ENet,12.462220842422266,10,Primary ML
MIT,set3_features,GPR,13.84407692593633,10,Primary ML
MIT,set3_features,RF,13.575275626334355,10,Primary ML
MIT,set4_features_metadata,AE_ENet,12.55555816689463,10,Primary ML
MIT,set4_features_metadata,GPR,13.061440958399903,10,Primary ML
MIT,set4_features_metadata,RF,12.880338080951137,10,Primary ML
MIT,set5_features_metadata_corr95,AE_ENet,12.486543073043226,10,Primary ML
MIT,set5_features_metadata_corr95,GPR,12.290062548895609,10,Primary ML
MIT,set5_features_metadata_corr95,RF,12.58663497285823,10,Primary ML
TRI_Tesla,set1_dQn_m,AE_ENet,26.076168559600454,10,Primary ML
TRI_Tesla,set1_dQn_m,GPR,20.783874038711442,10,Primary ML
TRI_Tesla,set1_dQn_m,RF,23.74597563549415,10,Primary ML
TRI_Tesla,set2_early_soh,AE_ENet,37.14578779963357,10,Primary ML
TRI_Tesla,set2_early_soh,GPR,23.856221522584406,10,Primary ML
TRI_Tesla,set2_early_soh,RF,26.9473888576582,10,Primary ML
TRI_Tesla,set3_features,AE_ENet,23.517274814262393,10,Primary ML
TRI_Tesla,set3_features,GPR,24.211409409942398,10,Primary ML
TRI_Tesla,set3_features,RF,24.236182949379515,10,Primary ML
TRI_Tesla,set4_features_metadata,AE_ENet,17.599826799148858,10,Primary ML
TRI_Tesla,set4_features_metadata,GPR,18.288126743953548,10,Primary ML
TRI_Tesla,set4_features_metadata,RF,23.2239609669136,10,Primary ML
TRI_Tesla,set5_features_metadata_corr95,AE_ENet,17.95301363222459,10,Primary ML
TRI_Tesla,set5_features_metadata_corr95,GPR,16.029108741540597,10,Primary ML
TRI_Tesla,set5_features_metadata_corr95,RF,22.864917901497165,10,Primary ML
Formation,set1_dQn_m,CNN,16.190906274482025,10,Deep learning
Formation,set1_dQn_m,DeepVAE,11.52515526727754,10,Deep learning
Formation,set1_dQn_m,MLP,12.010432871511316,10,Deep learning
Formation,set1_dQn_m,TabNet,18.370966857216914,10,Deep learning
Formation,set2_early_soh,CNN,16.876981065507252,10,Deep learning
Formation,set2_early_soh,DeepVAE,16.88371355576279,10,Deep learning
Formation,set2_early_soh,MLP,16.28572892633492,10,Deep learning
Formation,set2_early_soh,TabNet,19.67355881313862,10,Deep learning
Formation,set3_features,CNN,11.879181023562028,10,Deep learning
Formation,set3_features,DeepVAE,11.491928856222215,10,Deep learning
Formation,set3_features,MLP,11.318045069430905,10,Deep learning
Formation,set3_features,TabNet,16.888204298787628,10,Deep learning
Formation,set4_features_metadata,CNN,13.22044768538313,10,Deep learning
Formation,set4_features_metadata,DeepVAE,11.253291274350243,10,Deep learning
Formation,set4_features_metadata,MLP,10.917771599393966,10,Deep learning
Formation,set4_features_metadata,TabNet,18.64039131974428,10,Deep learning
Formation,set5_features_metadata_corr95,CNN,13.141872639609613,10,Deep learning
Formation,set5_features_metadata_corr95,DeepVAE,11.19967069974002,10,Deep learning
Formation,set5_features_metadata_corr95,MLP,10.85480860321925,10,Deep learning
Formation,set5_features_metadata_corr95,TabNet,17.445970331259147,10,Deep learning
HUST,set1_dQn_m,CNN,18.314107390050975,10,Deep learning
HUST,set1_dQn_m,DeepVAE,11.64350979456224,10,Deep learning
HUST,set1_dQn_m,MLP,12.086891486903028,10,Deep learning
HUST,set1_dQn_m,TabNet,16.764357452283626,10,Deep learning
HUST,set2_early_soh,CNN,22.052185455939803,10,Deep learning
HUST,set2_early_soh,DeepVAE,21.637401380173184,10,Deep learning
HUST,set2_early_soh,MLP,23.780329975556416,10,Deep learning
HUST,set2_early_soh,TabNet,19.56009233838167,10,Deep learning
HUST,set3_features,CNN,15.622087886208481,10,Deep learning
HUST,set3_features,DeepVAE,12.883028458890369,10,Deep learning
HUST,set3_features,MLP,12.740327130670806,10,Deep learning
HUST,set3_features,TabNet,16.037815027525156,10,Deep learning
HUST,set4_features_metadata,CNN,16.50833367797869,10,Deep learning
HUST,set4_features_metadata,DeepVAE,12.58828476047323,10,Deep learning
HUST,set4_features_metadata,MLP,13.178463917204246,10,Deep learning
HUST,set4_features_metadata,TabNet,17.879702569479008,10,Deep learning
HUST,set5_features_metadata_corr95,CNN,15.369976096391804,10,Deep learning
HUST,set5_features_metadata_corr95,DeepVAE,14.787987241213392,10,Deep learning
HUST,set5_features_metadata_corr95,MLP,13.568534389607176,10,Deep learning
HUST,set5_features_metadata_corr95,TabNet,17.609260526977447,10,Deep learning
ISU_ILCC,set1_dQn_m,CNN,31.966132213937875,10,Deep learning
ISU_ILCC,set1_dQn_m,DeepVAE,22.66911565281747,10,Deep learning
ISU_ILCC,set1_dQn_m,MLP,23.636883124865353,10,Deep learning
ISU_ILCC,set1_dQn_m,TabNet,38.78972603779228,10,Deep learning
ISU_ILCC,set2_early_soh,CNN,35.17849468047886,10,Deep learning
ISU_ILCC,set2_early_soh,DeepVAE,33.58356160487848,10,Deep learning
ISU_ILCC,set2_early_soh,MLP,35.030789666265534,10,Deep learning
ISU_ILCC,set2_early_soh,TabNet,38.05422981888063,10,Deep learning
ISU_ILCC,set3_features,CNN,25.54087952717759,10,Deep learning
ISU_ILCC,set3_features,DeepVAE,26.658401540481798,10,Deep learning
ISU_ILCC,set3_features,MLP,25.741330815796385,10,Deep learning
ISU_ILCC,set3_features,TabNet,33.913565461379264,10,Deep learning
ISU_ILCC,set4_features_metadata,CNN,21.38288668954481,10,Deep learning
ISU_ILCC,set4_features_metadata,DeepVAE,22.243587181162404,10,Deep learning
ISU_ILCC,set4_features_metadata,MLP,21.47073551605363,10,Deep learning
ISU_ILCC,set4_features_metadata,TabNet,29.19972623598439,10,Deep learning
ISU_ILCC,set5_features_metadata_corr95,CNN,21.04025650689714,10,Deep learning
ISU_ILCC,set5_features_metadata_corr95,DeepVAE,22.243587181162404,10,Deep learning
ISU_ILCC,set5_features_metadata_corr95,MLP,21.47073551605363,10,Deep learning
ISU_ILCC,set5_features_metadata_corr95,TabNet,29.19972623598439,10,Deep learning
KIT,set1_dQn_m,CNN,31.178023377127214,10,Deep learning
KIT,set1_dQn_m,DeepVAE,24.770231674012695,10,Deep learning
KIT,set1_dQn_m,MLP,23.878183151560904,10,Deep learning
KIT,set1_dQn_m,TabNet,36.62510897606184,10,Deep learning
KIT,set2_early_soh,CNN,35.47872003298795,10,Deep learning
KIT,set2_early_soh,DeepVAE,31.713354585376653,10,Deep learning
KIT,set2_early_soh,MLP,35.40805669937022,10,Deep learning
KIT,set2_early_soh,TabNet,36.040594286783126,10,Deep learning
KIT,set3_features,CNN,23.938873927071075,10,Deep learning
KIT,set3_features,DeepVAE,21.259087361606905,10,Deep learning
KIT,set3_features,MLP,20.95376460320147,10,Deep learning
KIT,set3_features,TabNet,31.626377572471235,10,Deep learning
KIT,set4_features_metadata,CNN,23.7876820601983,10,Deep learning
KIT,set4_features_metadata,DeepVAE,29.942427663033623,10,Deep learning
KIT,set4_features_metadata,MLP,25.891153958507044,10,Deep learning
KIT,set4_features_metadata,TabNet,34.83439856410542,10,Deep learning
KIT,set5_features_metadata_corr95,CNN,28.715087167007546,10,Deep learning
KIT,set5_features_metadata_corr95,DeepVAE,32.26197156987366,10,Deep learning
KIT,set5_features_metadata_corr95,MLP,33.78446806141619,10,Deep learning
KIT,set5_features_metadata_corr95,TabNet,46.97207395254774,10,Deep learning
LSD_Primary,set1_dQn_m,CNN,34.969148084009404,10,Deep learning
LSD_Primary,set1_dQn_m,DeepVAE,22.544739945271875,10,Deep learning
LSD_Primary,set1_dQn_m,MLP,22.124369086531626,10,Deep learning
LSD_Primary,set1_dQn_m,TabNet,155.6232525708698,10,Deep learning
LSD_Primary,set2_early_soh,CNN,45.22313369128666,10,Deep learning
LSD_Primary,set2_early_soh,DeepVAE,44.27039386399283,10,Deep learning
LSD_Primary,set2_early_soh,MLP,48.72359479929948,10,Deep learning
LSD_Primary,set2_early_soh,TabNet,119.50555571548475,10,Deep learning
LSD_Primary,set3_features,CNN,117.86730871811142,10,Deep learning
LSD_Primary,set3_features,DeepVAE,40.3297431856093,10,Deep learning
LSD_Primary,set3_features,MLP,41.92338473273327,10,Deep learning
LSD_Primary,set3_features,TabNet,154.70393677328008,10,Deep learning
LSD_Primary,set4_features_metadata,CNN,61.66300063382441,10,Deep learning
LSD_Primary,set4_features_metadata,DeepVAE,47.39506914068873,10,Deep learning
LSD_Primary,set4_features_metadata,MLP,47.50096331142497,10,Deep learning
LSD_Primary,set4_features_metadata,TabNet,84.70005042225233,10,Deep learning
LSD_Primary,set5_features_metadata_corr95,CNN,37.194216110204344,10,Deep learning
LSD_Primary,set5_features_metadata_corr95,DeepVAE,72.12133298016276,10,Deep learning
LSD_Primary,set5_features_metadata_corr95,MLP,42.376585718159,10,Deep learning
LSD_Primary,set5_features_metadata_corr95,TabNet,192.20886016838023,10,Deep learning
LSD_Second,set1_dQn_m,CNN,32.24995664249919,10,Deep learning
LSD_Second,set1_dQn_m,DeepVAE,19.01567891255994,10,Deep learning
LSD_Second,set1_dQn_m,MLP,19.05777524852343,10,Deep learning
LSD_Second,set1_dQn_m,TabNet,32.48242401755165,10,Deep learning
LSD_Second,set2_early_soh,CNN,40.01993846410364,10,Deep learning
LSD_Second,set2_early_soh,DeepVAE,40.7808504002991,10,Deep learning
LSD_Second,set2_early_soh,MLP,41.46526139555912,10,Deep learning
LSD_Second,set2_early_soh,TabNet,32.30531772458253,10,Deep learning
LSD_Second,set3_features,CNN,19.10109450188587,10,Deep learning
LSD_Second,set3_features,DeepVAE,20.376226120598478,10,Deep learning
LSD_Second,set3_features,MLP,19.753320270756326,10,Deep learning
LSD_Second,set3_features,TabNet,35.361157584684904,10,Deep learning
LSD_Second,set4_features_metadata,CNN,18.828468289199197,10,Deep learning
LSD_Second,set4_features_metadata,DeepVAE,20.929769568763394,10,Deep learning
LSD_Second,set4_features_metadata,MLP,21.077647277636977,10,Deep learning
LSD_Second,set4_features_metadata,TabNet,31.932878544060742,10,Deep learning
LSD_Second,set5_features_metadata_corr95,CNN,20.47654412070922,10,Deep learning
LSD_Second,set5_features_metadata_corr95,DeepVAE,21.72618636127212,10,Deep learning
LSD_Second,set5_features_metadata_corr95,MLP,18.679759761822254,10,Deep learning
LSD_Second,set5_features_metadata_corr95,TabNet,32.94975057923817,10,Deep learning
MIT,set1_dQn_m,CNN,16.455620229140568,10,Deep learning
MIT,set1_dQn_m,DeepVAE,12.035182371393535,10,Deep learning
MIT,set1_dQn_m,MLP,11.595025097646623,10,Deep learning
MIT,set1_dQn_m,TabNet,27.411454399708987,10,Deep learning
MIT,set2_early_soh,CNN,20.16041112094446,10,Deep learning
MIT,set2_early_soh,DeepVAE,7.64002798279424,10,Deep learning
MIT,set2_early_soh,MLP,7.147837067402387,10,Deep learning
MIT,set2_early_soh,TabNet,33.80657614664584,10,Deep learning
MIT,set3_features,CNN,12.555457967539185,10,Deep learning
MIT,set3_features,DeepVAE,11.97965770607092,10,Deep learning
MIT,set3_features,MLP,12.021752210617114,10,Deep learning
MIT,set3_features,TabNet,21.911562663778817,10,Deep learning
MIT,set4_features_metadata,CNN,13.90553631018238,10,Deep learning
MIT,set4_features_metadata,DeepVAE,11.641468386514003,10,Deep learning
MIT,set4_features_metadata,MLP,11.460210830964261,10,Deep learning
MIT,set4_features_metadata,TabNet,23.498769794573825,10,Deep learning
MIT,set5_features_metadata_corr95,CNN,15.45566117251874,10,Deep learning
MIT,set5_features_metadata_corr95,DeepVAE,11.209496241399794,10,Deep learning
MIT,set5_features_metadata_corr95,MLP,11.638026318627007,10,Deep learning
MIT,set5_features_metadata_corr95,TabNet,24.450752302914246,10,Deep learning
TRI_Tesla,set1_dQn_m,CNN,25.32292102800879,10,Deep learning
TRI_Tesla,set1_dQn_m,DeepVAE,21.915416557948237,10,Deep learning
TRI_Tesla,set1_dQn_m,MLP,22.173057820070493,10,Deep learning
TRI_Tesla,set1_dQn_m,TabNet,64.07280221175435,10,Deep learning
TRI_Tesla,set2_early_soh,CNN,18.4467817361126,10,Deep learning
TRI_Tesla,set2_early_soh,DeepVAE,17.835105597104242,10,Deep learning
TRI_Tesla,set2_early_soh,MLP,18.59789425963403,10,Deep learning
TRI_Tesla,set2_early_soh,TabNet,55.419126877457394,10,Deep learning
TRI_Tesla,set3_features,CNN,26.68188047928224,10,Deep learning
TRI_Tesla,set3_features,DeepVAE,24.389894299726585,10,Deep learning
TRI_Tesla,set3_features,MLP,26.411259409741252,10,Deep learning
TRI_Tesla,set3_features,TabNet,66.09592746013625,10,Deep learning
TRI_Tesla,set4_features_metadata,CNN,18.589092508480167,10,Deep learning
TRI_Tesla,set4_features_metadata,DeepVAE,16.23316558667953,10,Deep learning
TRI_Tesla,set4_features_metadata,MLP,14.718320782977415,10,Deep learning
TRI_Tesla,set4_features_metadata,TabNet,55.17021845540667,10,Deep learning
TRI_Tesla,set5_features_metadata_corr95,CNN,16.77261826435497,10,Deep learning
TRI_Tesla,set5_features_metadata_corr95,DeepVAE,13.80351591526746,10,Deep learning
TRI_Tesla,set5_features_metadata_corr95,MLP,15.464868911622967,10,Deep learning
TRI_Tesla,set5_features_metadata_corr95,TabNet,52.619645390198016,10,Deep learning
